,m,n,k,emb_type,best_C,train_acc,test_acc
0,1,2,5,svd,0.464158883361278,0.6158503026967529,0.6336633663366337
1,1,2,5,skipgram,0.0359381366380462,0.7352779306549257,0.7574257425742574
2,1,2,5,cbow,21.54434690031885,0.732526141992295,0.7376237623762376
3,1,2,6,svd,278.2559402207126,0.6450192625206385,0.6039603960396039
4,1,2,6,skipgram,0.01,0.7253714914694551,0.7871287128712872
5,1,2,6,cbow,278.2559402207126,0.7242707760044028,0.7376237623762376
6,1,2,7,svd,1000.0,0.7226197028068244,0.693069306930693
7,1,2,7,skipgram,0.01,0.724821133736929,0.7574257425742574
8,1,2,7,cbow,1000.0,0.7281232801320858,0.7376237623762376
9,1,2,8,svd,1000.0,0.6620803522289488,0.6881188118811881
10,1,2,8,skipgram,5.994842503189409,0.7193175564116676,0.7475247524752475
11,1,2,8,cbow,278.2559402207126,0.7396807925151349,0.7128712871287128
12,1,2,9,svd,278.2559402207126,0.6373142542652724,0.6881188118811881
13,1,2,9,skipgram,5.994842503189409,0.717116125481563,0.7326732673267327
14,1,2,9,cbow,1000.0,0.7264722069345074,0.7326732673267327
15,1,2,10,svd,1000.0,0.6103467253714915,0.6584158415841584
16,1,2,10,skipgram,21.54434690031885,0.7116125481563016,0.7425742574257426
17,1,2,10,cbow,278.2559402207126,0.7176664832140892,0.7326732673267327
18,1,3,5,svd,1000.0,0.7798569069895432,0.801980198019802
19,1,3,5,skipgram,278.2559402207126,0.7892129884424877,0.8316831683168316
20,1,3,5,cbow,21.54434690031885,0.7969179966978536,0.8217821782178217
21,1,3,6,svd,1000.0,0.7407815079801872,0.806930693069307
22,1,3,6,skipgram,21.54434690031885,0.7732526141992295,0.8118811881188119
23,1,3,6,cbow,5.994842503189409,0.7930654925701706,0.806930693069307
24,1,3,7,svd,1000.0,0.717116125481563,0.7623762376237624
25,1,3,7,skipgram,21.54434690031885,0.7716015410016511,0.806930693069307
26,1,3,7,cbow,77.42636826811278,0.787011557512383,0.8217821782178217
27,1,3,8,svd,1000.0,0.7281232801320858,0.7128712871287128
28,1,3,8,skipgram,1000.0,0.7495872317006054,0.7673267326732673
29,1,3,8,cbow,77.42636826811278,0.7804072647220693,0.8118811881188119
30,1,3,9,svd,1000.0,0.7066593285635663,0.7277227722772277
31,1,3,9,skipgram,1000.0,0.755641166758393,0.806930693069307
32,1,3,9,cbow,21.54434690031885,0.7837094111172263,0.806930693069307
33,1,3,10,svd,278.2559402207126,0.6940011007154651,0.7326732673267327
34,1,3,10,skipgram,1000.0,0.7484865162355531,0.7970297029702971
35,1,3,10,cbow,77.42636826811278,0.779306549257017,0.8316831683168316
36,1,4,5,svd,5.994842503189409,0.7765547605943863,0.7574257425742574
37,1,4,5,skipgram,21.54434690031885,0.782608695652174,0.806930693069307
38,1,4,5,cbow,5.994842503189409,0.7952669235002752,0.7970297029702971
39,1,4,6,svd,77.42636826811278,0.7749036873968079,0.7623762376237624
40,1,4,6,skipgram,21.54434690031885,0.7787561915244909,0.8118811881188119
41,1,4,6,cbow,77.42636826811278,0.8079251513483764,0.8217821782178217
42,1,4,7,svd,21.54434690031885,0.7688497523390203,0.7772277227722773
43,1,4,7,skipgram,21.54434690031885,0.7908640616400661,0.8217821782178217
44,1,4,7,cbow,21.54434690031885,0.8095762245459549,0.7871287128712872
45,1,4,8,svd,21.54434690031885,0.7660979636763896,0.7574257425742574
46,1,4,8,skipgram,1000.0,0.7914144193725922,0.8514851485148515
47,1,4,8,cbow,5.994842503189409,0.810126582278481,0.7920792079207921
48,1,4,9,svd,77.42636826811278,0.7451843698403963,0.7623762376237624
49,1,4,9,skipgram,21.54434690031885,0.7886626307099615,0.8366336633663366
50,1,4,9,cbow,1000.0,0.810126582278481,0.7970297029702971
51,1,4,10,svd,1000.0,0.7550908090258668,0.7574257425742574
52,1,4,10,skipgram,21.54434690031885,0.7908640616400661,0.8316831683168316
53,1,4,10,cbow,77.42636826811278,0.813979086406164,0.8168316831683168
54,1,5,5,svd,21.54434690031885,0.6967528893780958,0.6782178217821783
55,1,5,5,skipgram,278.2559402207126,0.7044578976334618,0.7524752475247525
56,1,5,5,cbow,0.1291549665014884,0.7528893780957623,0.7772277227722773
57,1,5,6,svd,77.42636826811278,0.6873968079251513,0.6831683168316832
58,1,5,6,skipgram,278.2559402207126,0.7006053935057788,0.7178217821782178
59,1,5,6,cbow,0.464158883361278,0.7534397358282884,0.7722772277227723
60,1,5,7,svd,21.54434690031885,0.6670335718216841,0.6534653465346535
61,1,5,7,skipgram,278.2559402207126,0.7000550357732526,0.7277227722772277
62,1,5,7,cbow,0.1291549665014884,0.7545404512933407,0.7673267326732673
63,1,5,8,svd,77.42636826811278,0.6598789212988443,0.6633663366336634
64,1,5,8,skipgram,77.42636826811278,0.6890478811227297,0.693069306930693
65,1,5,8,cbow,0.1291549665014884,0.7512383048981838,0.7524752475247525
66,1,5,9,svd,21.54434690031885,0.6697853604843148,0.6633663366336634
67,1,5,9,skipgram,278.2559402207126,0.6917996697853604,0.693069306930693
68,1,5,9,cbow,0.1291549665014884,0.7561915244909191,0.7772277227722773
69,1,5,10,svd,1.6681005372000592,0.6686846450192625,0.6831683168316832
70,1,5,10,skipgram,1000.0,0.6879471656576774,0.698019801980198
71,1,5,10,cbow,0.464158883361278,0.755641166758393,0.7722772277227723
72,1,6,5,svd,0.1291549665014884,0.7160154100165107,0.693069306930693
73,1,6,5,skipgram,21.54434690031885,0.6774903687396808,0.6881188118811881
74,1,6,5,cbow,1.6681005372000592,0.7776554760594386,0.7920792079207921
75,1,6,6,svd,1.6681005372000592,0.7050082553659879,0.6683168316831684
76,1,6,6,skipgram,1000.0,0.6840946615299945,0.6683168316831684
77,1,6,6,cbow,0.1291549665014884,0.7705008255365988,0.801980198019802
78,1,6,7,svd,278.2559402207126,0.7028068244358833,0.6435643564356436
79,1,6,7,skipgram,5.994842503189409,0.6708860759493671,0.6831683168316832
80,1,6,7,cbow,0.0359381366380462,0.7727022564667033,0.806930693069307
81,1,6,8,svd,21.54434690031885,0.7033571821684095,0.6485148514851485
82,1,6,8,skipgram,1.6681005372000592,0.6637314254265272,0.6683168316831684
83,1,6,8,cbow,0.464158883361278,0.786461199779857,0.7821782178217822
84,1,6,9,svd,21.54434690031885,0.6851953769950467,0.6782178217821783
85,1,6,9,skipgram,77.42636826811278,0.666483214089158,0.6485148514851485
86,1,6,9,cbow,0.0359381366380462,0.782608695652174,0.7722772277227723
87,1,6,10,svd,77.42636826811278,0.6989543203082004,0.6683168316831684
88,1,6,10,skipgram,5.994842503189409,0.6675839295542102,0.6584158415841584
89,1,6,10,cbow,1.6681005372000592,0.7859108420473307,0.7970297029702971
90,1,7,5,svd,0.1291549665014884,0.720968629609246,0.7178217821782178
91,1,7,5,skipgram,1.6681005372000592,0.6780407264722069,0.693069306930693
92,1,7,5,cbow,0.1291549665014884,0.7738029719317556,0.7871287128712872
93,1,7,6,svd,0.464158883361278,0.7215189873417721,0.6831683168316832
94,1,7,6,skipgram,278.2559402207126,0.6785910842047331,0.6831683168316832
95,1,7,6,cbow,1.6681005372000592,0.7815079801871216,0.7970297029702971
96,1,7,7,svd,1000.0,0.7149146945514584,0.6831683168316832
97,1,7,7,skipgram,5.994842503189409,0.6758392955421023,0.6732673267326733
98,1,7,7,cbow,5.994842503189409,0.7782058337919647,0.7920792079207921
99,1,7,8,svd,77.42636826811278,0.7077600440286186,0.6683168316831684
100,1,7,8,skipgram,1.6681005372000592,0.6763896532746285,0.6683168316831684
101,1,7,8,cbow,5.994842503189409,0.7721518987341772,0.7821782178217822
102,1,7,9,svd,77.42636826811278,0.7154650522839846,0.7128712871287128
103,1,7,9,skipgram,0.464158883361278,0.6763896532746285,0.6633663366336634
104,1,7,9,cbow,5.994842503189409,0.7710511832691249,0.7673267326732673
105,1,7,10,svd,1.6681005372000592,0.709411117226197,0.7178217821782178
106,1,7,10,skipgram,1.6681005372000592,0.6791414419372592,0.6782178217821783
107,1,7,10,cbow,0.464158883361278,0.7727022564667033,0.7623762376237624
108,1,8,5,svd,1.6681005372000592,0.7303247110621904,0.7326732673267327
109,1,8,5,skipgram,278.2559402207126,0.6615299944964227,0.6534653465346535
110,1,8,5,cbow,0.01,0.7694001100715465,0.7524752475247525
111,1,8,6,svd,0.1291549665014884,0.7259218492019813,0.7227722772277227
112,1,8,6,skipgram,0.1291549665014884,0.6631810676940011,0.6336633663366337
113,1,8,6,cbow,1.6681005372000592,0.7682993946064942,0.7475247524752475
114,1,8,7,svd,0.464158883361278,0.7226197028068244,0.7029702970297029
115,1,8,7,skipgram,0.464158883361278,0.658778205833792,0.6287128712871287
116,1,8,7,cbow,0.0359381366380462,0.7671986791414419,0.7425742574257426
117,1,8,8,svd,0.464158883361278,0.7154650522839846,0.7029702970297029
118,1,8,8,skipgram,0.1291549665014884,0.6598789212988443,0.6386138613861386
119,1,8,8,cbow,0.0359381366380462,0.7616951018161805,0.7673267326732673
120,1,8,9,svd,0.464158883361278,0.7143643368189323,0.6633663366336634
121,1,8,9,skipgram,21.54434690031885,0.658778205833792,0.6386138613861386
122,1,8,9,cbow,77.42636826811278,0.755641166758393,0.7227722772277227
123,1,8,10,svd,21.54434690031885,0.7099614749587232,0.7079207920792079
124,1,8,10,skipgram,5.994842503189409,0.6560264171711613,0.6435643564356436
125,1,8,10,cbow,0.464158883361278,0.7468354430379747,0.7326732673267327
126,1,9,5,svd,0.464158883361278,0.7358282883874518,0.7326732673267327
127,1,9,5,skipgram,0.01,0.6818932305998899,0.6485148514851485
128,1,9,5,cbow,1.6681005372000592,0.7660979636763896,0.7574257425742574
129,1,9,6,svd,21.54434690031885,0.7308750687947165,0.6831683168316832
130,1,9,6,skipgram,0.01,0.6637314254265272,0.6287128712871287
131,1,9,6,cbow,0.01,0.7589433131535498,0.7475247524752475
132,1,9,7,svd,5.994842503189409,0.7308750687947165,0.7029702970297029
133,1,9,7,skipgram,0.1291549665014884,0.6620803522289488,0.6188118811881188
134,1,9,7,cbow,0.01,0.759493670886076,0.7524752475247525
135,1,9,8,svd,0.1291549665014884,0.7281232801320858,0.7376237623762376
136,1,9,8,skipgram,0.1291549665014884,0.6571271326362136,0.599009900990099
137,1,9,8,cbow,0.01,0.7578425976884975,0.7524752475247525
138,1,9,9,svd,1.6681005372000592,0.717116125481563,0.7079207920792079
139,1,9,9,skipgram,0.0359381366380462,0.6582278481012658,0.599009900990099
140,1,9,9,cbow,0.01,0.7550908090258668,0.7623762376237624
141,1,9,10,svd,1.6681005372000592,0.7055586130985141,0.7425742574257426
142,1,9,10,skipgram,0.01,0.6505228398458999,0.599009900990099
143,1,9,10,cbow,0.01,0.7501375894331316,0.7376237623762376
144,1,10,5,svd,0.464158883361278,0.7336268574573472,0.7524752475247525
145,1,10,5,skipgram,0.0359381366380462,0.6967528893780958,0.693069306930693
146,1,10,5,cbow,0.1291549665014884,0.7705008255365988,0.7871287128712872
147,1,10,6,svd,0.1291549665014884,0.7314254265272427,0.7227722772277227
148,1,10,6,skipgram,0.01,0.6929003852504128,0.6732673267326733
149,1,10,6,cbow,0.1291549665014884,0.7699504678040726,0.7772277227722773
150,1,10,7,svd,0.1291549665014884,0.7226197028068244,0.7079207920792079
151,1,10,7,skipgram,0.01,0.690148596587782,0.6831683168316832
152,1,10,7,cbow,0.464158883361278,0.7660979636763896,0.7821782178217822
153,1,10,8,svd,0.1291549665014884,0.7116125481563016,0.7376237623762376
154,1,10,8,skipgram,0.01,0.6840946615299945,0.6732673267326733
155,1,10,8,cbow,0.464158883361278,0.7649972482113374,0.7574257425742574
156,1,10,9,svd,0.1291549665014884,0.71326362135388,0.6782178217821783
157,1,10,9,skipgram,0.01,0.6813428728673638,0.6683168316831684
158,1,10,9,cbow,0.0359381366380462,0.7550908090258668,0.7574257425742574
159,1,10,10,svd,1.6681005372000592,0.7039075399009356,0.6881188118811881
160,1,10,10,skipgram,0.01,0.6780407264722069,0.6683168316831684
161,1,10,10,cbow,0.1291549665014884,0.7561915244909191,0.7376237623762376
162,2,2,5,svd,278.2559402207126,0.5998899284534948,0.6188118811881188
163,2,2,5,skipgram,77.42636826811278,0.6967528893780958,0.7326732673267327
164,2,2,5,cbow,0.464158883361278,0.639515685195377,0.6881188118811881
165,2,2,6,svd,1000.0,0.6119977985690699,0.6633663366336634
166,2,2,6,skipgram,0.0359381366380462,0.7226197028068244,0.7277227722772277
167,2,2,6,cbow,0.464158883361278,0.5795266923500275,0.6386138613861386
168,2,2,7,svd,1000.0,0.7110621904237755,0.7178217821782178
169,2,2,7,skipgram,5.994842503189409,0.7259218492019813,0.7722772277227723
170,2,2,7,cbow,0.0359381366380462,0.6031920748486517,0.6534653465346535
171,2,2,8,svd,1000.0,0.6307099614749587,0.6584158415841584
172,2,2,8,skipgram,77.42636826811278,0.7264722069345074,0.7475247524752475
173,2,2,8,cbow,0.1291549665014884,0.5531095211887727,0.5891089108910891
174,2,2,9,svd,1000.0,0.6197028068244359,0.6732673267326733
175,2,2,9,skipgram,1000.0,0.7165657677490369,0.7475247524752475
176,2,2,9,cbow,5.994842503189409,0.5393505778756191,0.5891089108910891
177,2,2,10,svd,1000.0,0.6191524490919097,0.6534653465346535
178,2,2,10,skipgram,77.42636826811278,0.7055586130985141,0.7128712871287128
179,2,2,10,cbow,0.0359381366380462,0.5404512933406714,0.5792079207920792
180,2,3,5,svd,77.42636826811278,0.8029719317556412,0.8267326732673267
181,2,3,5,skipgram,21.54434690031885,0.7237204182718767,0.7722772277227723
182,2,3,5,cbow,5.994842503189409,0.75178866263071,0.7722772277227723
183,2,3,6,svd,1000.0,0.775454045129334,0.8267326732673267
184,2,3,6,skipgram,1000.0,0.724821133736929,0.7623762376237624
185,2,3,6,cbow,5.994842503189409,0.728673637864612,0.7722772277227723
186,2,3,7,svd,1000.0,0.747936158503027,0.7772277227722773
187,2,3,7,skipgram,77.42636826811278,0.7314254265272427,0.7326732673267327
188,2,3,7,cbow,278.2559402207126,0.720968629609246,0.7425742574257426
189,2,3,8,svd,278.2559402207126,0.7297743533296642,0.7425742574257426
190,2,3,8,skipgram,77.42636826811278,0.728673637864612,0.7326732673267327
191,2,3,8,cbow,5.994842503189409,0.7099614749587232,0.7326732673267327
192,2,3,9,svd,1000.0,0.7270225646670335,0.7475247524752475
193,2,3,9,skipgram,77.42636826811278,0.7418822234452394,0.7623762376237624
194,2,3,9,cbow,1.6681005372000592,0.7017061089708311,0.7178217821782178
195,2,3,10,svd,278.2559402207126,0.7160154100165107,0.7623762376237624
196,2,3,10,skipgram,1000.0,0.7358282883874518,0.7425742574257426
197,2,3,10,cbow,21.54434690031885,0.7072096862960925,0.7128712871287128
198,2,4,5,svd,1000.0,0.7804072647220693,0.7623762376237624
199,2,4,5,skipgram,1.6681005372000592,0.6230049532195927,0.6237623762376238
200,2,4,5,cbow,5.994842503189409,0.6951018161805174,0.7524752475247525
201,2,4,6,svd,77.42636826811278,0.7798569069895432,0.7524752475247525
202,2,4,6,skipgram,0.464158883361278,0.6268574573472757,0.6039603960396039
203,2,4,6,cbow,0.1291549665014884,0.6857457347275729,0.6831683168316832
204,2,4,7,svd,5.994842503189409,0.7842597688497523,0.7376237623762376
205,2,4,7,skipgram,0.464158883361278,0.6554760594386351,0.6336633663366337
206,2,4,7,cbow,0.1291549665014884,0.6796917996697853,0.7326732673267327
207,2,4,8,svd,5.994842503189409,0.7721518987341772,0.7524752475247525
208,2,4,8,skipgram,5.994842503189409,0.6367638965327462,0.6287128712871287
209,2,4,8,cbow,0.464158883361278,0.6791414419372592,0.7029702970297029
210,2,4,9,svd,5.994842503189409,0.7605943863511282,0.7227722772277227
211,2,4,9,skipgram,0.464158883361278,0.6466703357182169,0.698019801980198
212,2,4,9,cbow,1.6681005372000592,0.6763896532746285,0.6534653465346535
213,2,4,10,svd,21.54434690031885,0.7578425976884975,0.7425742574257426
214,2,4,10,skipgram,278.2559402207126,0.6576774903687397,0.6485148514851485
215,2,4,10,cbow,21.54434690031885,0.6851953769950467,0.7029702970297029
216,2,5,5,svd,77.42636826811278,0.6967528893780958,0.7128712871287128
217,2,5,5,skipgram,0.0359381366380462,0.6059438635112824,0.599009900990099
218,2,5,5,cbow,0.464158883361278,0.6494221243808476,0.6584158415841584
219,2,5,6,svd,1.6681005372000592,0.6813428728673638,0.6584158415841584
220,2,5,6,skipgram,0.01,0.6274078150798019,0.6336633663366337
221,2,5,6,cbow,0.464158883361278,0.6406164006604292,0.6732673267326733
222,2,5,7,svd,1.6681005372000592,0.6774903687396808,0.7128712871287128
223,2,5,7,skipgram,0.01,0.631810676940011,0.599009900990099
224,2,5,7,cbow,0.1291549665014884,0.6290588882773803,0.6584158415841584
225,2,5,8,svd,5.994842503189409,0.6890478811227297,0.6831683168316832
226,2,5,8,skipgram,0.01,0.6450192625206385,0.6435643564356436
227,2,5,8,cbow,0.01,0.6334617501375894,0.7079207920792079
228,2,5,9,svd,278.2559402207126,0.6840946615299945,0.6683168316831684
229,2,5,9,skipgram,0.01,0.64336818932306,0.6237623762376238
230,2,5,9,cbow,0.1291549665014884,0.6290588882773803,0.7376237623762376
231,2,5,10,svd,5.994842503189409,0.6774903687396808,0.693069306930693
232,2,5,10,skipgram,0.01,0.6422674738580078,0.6336633663366337
233,2,5,10,cbow,0.01,0.639515685195377,0.7079207920792079
234,2,6,5,svd,1.6681005372000592,0.7231700605393506,0.693069306930693
235,2,6,5,skipgram,5.994842503189409,0.7149146945514584,0.6485148514851485
236,2,6,5,cbow,0.0359381366380462,0.7187671986791414,0.7623762376237624
237,2,6,6,svd,0.464158883361278,0.7215189873417721,0.693069306930693
238,2,6,6,skipgram,0.01,0.724821133736929,0.6534653465346535
239,2,6,6,cbow,0.01,0.7275729223995597,0.7574257425742574
240,2,6,7,svd,278.2559402207126,0.7193175564116676,0.693069306930693
241,2,6,7,skipgram,0.01,0.7182168409466153,0.6782178217821783
242,2,6,7,cbow,0.01,0.7468354430379747,0.7475247524752475
243,2,6,8,svd,1.6681005372000592,0.7028068244358833,0.6782178217821783
244,2,6,8,skipgram,0.0359381366380462,0.7121629058888277,0.6336633663366337
245,2,6,8,cbow,0.01,0.7385800770500826,0.7227722772277227
246,2,6,9,svd,5.994842503189409,0.7011557512383049,0.6831683168316832
247,2,6,9,skipgram,0.01,0.7165657677490369,0.6336633663366337
248,2,6,9,cbow,1.6681005372000592,0.7303247110621904,0.7326732673267327
249,2,6,10,svd,1.6681005372000592,0.6873968079251513,0.6782178217821783
250,2,6,10,skipgram,0.01,0.709411117226197,0.6633663366336634
251,2,6,10,cbow,5.994842503189409,0.7550908090258668,0.7376237623762376
252,2,7,5,svd,0.1291549665014884,0.7336268574573472,0.7128712871287128
253,2,7,5,skipgram,5.994842503189409,0.6989543203082004,0.6534653465346535
254,2,7,5,cbow,0.01,0.6796917996697853,0.693069306930693
255,2,7,6,svd,0.464158883361278,0.7253714914694551,0.693069306930693
256,2,7,6,skipgram,0.01,0.6945514584479912,0.6485148514851485
257,2,7,6,cbow,0.0359381366380462,0.6736378646119978,0.7029702970297029
258,2,7,7,svd,0.464158883361278,0.7341772151898734,0.7128712871287128
259,2,7,7,skipgram,21.54434690031885,0.6929003852504128,0.6534653465346535
260,2,7,7,cbow,5.994842503189409,0.6747385800770501,0.693069306930693
261,2,7,8,svd,1.6681005372000592,0.7198679141441937,0.7128712871287128
262,2,7,8,skipgram,0.01,0.6835443037974683,0.6534653465346535
263,2,7,8,cbow,0.01,0.6890478811227297,0.6732673267326733
264,2,7,9,svd,0.464158883361278,0.7187671986791414,0.7079207920792079
265,2,7,9,skipgram,0.0359381366380462,0.6940011007154651,0.6534653465346535
266,2,7,9,cbow,0.0359381366380462,0.6846450192625206,0.6881188118811881
267,2,7,10,svd,21.54434690031885,0.7099614749587232,0.6831683168316832
268,2,7,10,skipgram,77.42636826811278,0.6703357182168409,0.6287128712871287
269,2,7,10,cbow,0.0359381366380462,0.6813428728673638,0.6782178217821783
270,2,8,5,svd,0.464158883361278,0.7391304347826086,0.7623762376237624
271,2,8,5,skipgram,0.1291549665014884,0.6521739130434783,0.6039603960396039
272,2,8,5,cbow,1.6681005372000592,0.6697853604843148,0.7178217821782178
273,2,8,6,svd,0.1291549665014884,0.7418822234452394,0.7326732673267327
274,2,8,6,skipgram,278.2559402207126,0.6571271326362136,0.599009900990099
275,2,8,6,cbow,0.464158883361278,0.6637314254265272,0.6386138613861386
276,2,8,7,svd,5.994842503189409,0.7319757842597688,0.7376237623762376
277,2,8,7,skipgram,0.0359381366380462,0.6301596037424326,0.5693069306930693
278,2,8,7,cbow,0.464158883361278,0.6466703357182169,0.6534653465346535
279,2,8,8,svd,1.6681005372000592,0.7187671986791414,0.7326732673267327
280,2,8,8,skipgram,0.0359381366380462,0.6340121078701155,0.5841584158415841
281,2,8,8,cbow,0.464158883361278,0.6378646119977985,0.6831683168316832
282,2,8,9,svd,0.464158883361278,0.7242707760044028,0.7277227722772277
283,2,8,9,skipgram,0.0359381366380462,0.6340121078701155,0.6138613861386139
284,2,8,9,cbow,5.994842503189409,0.6373142542652724,0.6584158415841584
285,2,8,10,svd,0.464158883361278,0.7110621904237755,0.698019801980198
286,2,8,10,skipgram,1.6681005372000592,0.6257567418822234,0.5742574257425742
287,2,8,10,cbow,0.1291549665014884,0.6466703357182169,0.6435643564356436
288,2,9,5,svd,0.464158883361278,0.7462850853054486,0.7524752475247525
289,2,9,5,skipgram,5.994842503189409,0.5806274078150798,0.5396039603960396
290,2,9,5,cbow,21.54434690031885,0.693450742982939,0.7029702970297029
291,2,9,6,svd,0.1291549665014884,0.7396807925151349,0.7376237623762376
292,2,9,6,skipgram,0.0359381366380462,0.6114474408365438,0.6237623762376238
293,2,9,6,cbow,0.464158883361278,0.6725371491469455,0.698019801980198
294,2,9,7,svd,0.464158883361278,0.7215189873417721,0.7178217821782178
295,2,9,7,skipgram,0.1291549665014884,0.5949367088607594,0.5891089108910891
296,2,9,7,cbow,21.54434690031885,0.6565767749036874,0.6782178217821783
297,2,9,8,svd,5.994842503189409,0.7242707760044028,0.7376237623762376
298,2,9,8,skipgram,0.464158883361278,0.5811777655476059,0.5693069306930693
299,2,9,8,cbow,1.6681005372000592,0.6499724821133737,0.6881188118811881
300,2,9,9,svd,1.6681005372000592,0.7281232801320858,0.7079207920792079
301,2,9,9,skipgram,0.0359381366380462,0.5960374243258117,0.5891089108910891
302,2,9,9,cbow,5.994842503189409,0.6604292790313704,0.693069306930693
303,2,9,10,svd,0.464158883361278,0.7143643368189323,0.7128712871287128
304,2,9,10,skipgram,0.0359381366380462,0.5822784810126582,0.5792079207920792
305,2,9,10,cbow,1.6681005372000592,0.6450192625206385,0.6683168316831684
306,2,10,5,svd,0.1291549665014884,0.75178866263071,0.7326732673267327
307,2,10,5,skipgram,0.0359381366380462,0.5789763346175014,0.5594059405940595
308,2,10,5,cbow,21.54434690031885,0.6840946615299945,0.7029702970297029
309,2,10,6,svd,0.1291549665014884,0.7506879471656577,0.7475247524752475
310,2,10,6,skipgram,0.0359381366380462,0.5729223995597138,0.5891089108910891
311,2,10,6,cbow,1.6681005372000592,0.666483214089158,0.7178217821782178
312,2,10,7,svd,0.1291549665014884,0.7281232801320858,0.7227722772277227
313,2,10,7,skipgram,0.0359381366380462,0.5789763346175014,0.5693069306930693
314,2,10,7,cbow,5.994842503189409,0.6670335718216841,0.6732673267326733
315,2,10,8,svd,0.1291549665014884,0.7297743533296642,0.7128712871287128
316,2,10,8,skipgram,0.0359381366380462,0.5855806274078151,0.5792079207920792
317,2,10,8,cbow,77.42636826811278,0.6692350027517887,0.6683168316831684
318,2,10,9,svd,0.1291549665014884,0.7380297193175565,0.7227722772277227
319,2,10,9,skipgram,0.0359381366380462,0.5624656026417171,0.5693069306930693
320,2,10,9,cbow,1.6681005372000592,0.6593285635663181,0.6782178217821783
321,2,10,10,svd,5.994842503189409,0.7231700605393506,0.7475247524752475
322,2,10,10,skipgram,0.0359381366380462,0.5817281232801321,0.5594059405940595
323,2,10,10,cbow,5.994842503189409,0.6488717666483214,0.6881188118811881
324,3,2,5,svd,1000.0,0.6488717666483214,0.6633663366336634
325,3,2,5,skipgram,278.2559402207126,0.6543753439735829,0.6287128712871287
326,3,2,5,cbow,1.6681005372000592,0.8772702256466703,0.8663366336633663
327,3,2,6,svd,1000.0,0.6455696202531646,0.7128712871287128
328,3,2,6,skipgram,1.6681005372000592,0.6450192625206385,0.6683168316831684
329,3,2,6,cbow,21.54434690031885,0.8750687947165657,0.8514851485148515
330,3,2,7,svd,1000.0,0.7226197028068244,0.7128712871287128
331,3,2,7,skipgram,278.2559402207126,0.6384149697303247,0.6386138613861386
332,3,2,7,cbow,1.6681005372000592,0.8712162905888827,0.8712871287128713
333,3,2,8,svd,1000.0,0.6516235553109522,0.6683168316831684
334,3,2,8,skipgram,77.42636826811278,0.624105668684645,0.5891089108910891
335,3,2,8,cbow,1.6681005372000592,0.8640616400660429,0.8613861386138614
336,3,2,9,svd,1000.0,0.6604292790313704,0.6683168316831684
337,3,2,9,skipgram,77.42636826811278,0.624105668684645,0.6039603960396039
338,3,2,9,cbow,1.6681005372000592,0.8673637864611998,0.8465346534653465
339,3,2,10,svd,1000.0,0.6114474408365438,0.6188118811881188
340,3,2,10,skipgram,1.6681005372000592,0.6147495872317006,0.6089108910891089
341,3,2,10,cbow,0.464158883361278,0.8547055586130985,0.8514851485148515
342,3,3,5,svd,21.54434690031885,0.802421574023115,0.7871287128712872
343,3,3,5,skipgram,21.54434690031885,0.593285635663181,0.5841584158415841
344,3,3,5,cbow,0.464158883361278,0.6840946615299945,0.7079207920792079
345,3,3,6,svd,278.2559402207126,0.7809576224545954,0.8168316831683168
346,3,3,6,skipgram,21.54434690031885,0.5883324160704458,0.5742574257425742
347,3,3,6,cbow,1.6681005372000592,0.6989543203082004,0.6287128712871287
348,3,3,7,svd,1000.0,0.75178866263071,0.7871287128712872
349,3,3,7,skipgram,0.0359381366380462,0.6505228398458999,0.6584158415841584
350,3,3,7,cbow,5.994842503189409,0.6703357182168409,0.6633663366336634
351,3,3,8,svd,1000.0,0.732526141992295,0.7623762376237624
352,3,3,8,skipgram,0.0359381366380462,0.6791414419372592,0.6683168316831684
353,3,3,8,cbow,1.6681005372000592,0.717116125481563,0.6633663366336634
354,3,3,9,svd,278.2559402207126,0.7352779306549257,0.7574257425742574
355,3,3,9,skipgram,0.0359381366380462,0.6763896532746285,0.6584158415841584
356,3,3,9,cbow,1.6681005372000592,0.686296092460099,0.6881188118811881
357,3,3,10,svd,1000.0,0.7281232801320858,0.7623762376237624
358,3,3,10,skipgram,0.1291549665014884,0.6686846450192625,0.7079207920792079
359,3,3,10,cbow,278.2559402207126,0.6708860759493671,0.6584158415841584
360,3,4,5,svd,77.42636826811278,0.7716015410016511,0.7326732673267327
361,3,4,5,skipgram,0.0359381366380462,0.6565767749036874,0.7029702970297029
362,3,4,5,cbow,5.994842503189409,0.7215189873417721,0.7128712871287128
363,3,4,6,svd,278.2559402207126,0.7589433131535498,0.7029702970297029
364,3,4,6,skipgram,1.6681005372000592,0.6719867914144194,0.6782178217821783
365,3,4,6,cbow,77.42636826811278,0.7204182718767199,0.6732673267326733
366,3,4,7,svd,278.2559402207126,0.7506879471656577,0.7128712871287128
367,3,4,7,skipgram,5.994842503189409,0.6719867914144194,0.6633663366336634
368,3,4,7,cbow,21.54434690031885,0.6945514584479912,0.6831683168316832
369,3,4,8,svd,1.6681005372000592,0.7374793615850302,0.7029702970297029
370,3,4,8,skipgram,0.1291549665014884,0.6499724821133737,0.6782178217821783
371,3,4,8,cbow,1.6681005372000592,0.6818932305998899,0.6336633663366337
372,3,4,9,svd,1.6681005372000592,0.7330764997248211,0.7029702970297029
373,3,4,9,skipgram,0.1291549665014884,0.6554760594386351,0.6584158415841584
374,3,4,9,cbow,5.994842503189409,0.6642817831590534,0.6633663366336634
375,3,4,10,svd,1000.0,0.7259218492019813,0.7128712871287128
376,3,4,10,skipgram,0.1291549665014884,0.6697853604843148,0.6435643564356436
377,3,4,10,cbow,1.6681005372000592,0.6648321408915795,0.6732673267326733
378,3,5,5,svd,21.54434690031885,0.7033571821684095,0.7277227722772277
379,3,5,5,skipgram,21.54434690031885,0.7050082553659879,0.7227722772277227
380,3,5,5,cbow,1.6681005372000592,0.7484865162355531,0.7376237623762376
381,3,5,6,svd,21.54434690031885,0.6857457347275729,0.7128712871287128
382,3,5,6,skipgram,0.1291549665014884,0.7077600440286186,0.7425742574257426
383,3,5,6,cbow,5.994842503189409,0.7429829389102917,0.7326732673267327
384,3,5,7,svd,278.2559402207126,0.682443588332416,0.6633663366336634
385,3,5,7,skipgram,0.0359381366380462,0.6973032471106219,0.7079207920792079
386,3,5,7,cbow,21.54434690031885,0.7380297193175565,0.7425742574257426
387,3,5,8,svd,21.54434690031885,0.6962025316455697,0.7079207920792079
388,3,5,8,skipgram,5.994842503189409,0.6984039625756742,0.693069306930693
389,3,5,8,cbow,278.2559402207126,0.7110621904237755,0.7376237623762376
390,3,5,9,svd,1.6681005372000592,0.6890478811227297,0.6881188118811881
391,3,5,9,skipgram,21.54434690031885,0.6973032471106219,0.6831683168316832
392,3,5,9,cbow,0.464158883361278,0.7160154100165107,0.7178217821782178
393,3,5,10,svd,5.994842503189409,0.6840946615299945,0.6732673267326733
394,3,5,10,skipgram,1.6681005372000592,0.689598238855256,0.7178217821782178
395,3,5,10,cbow,1.6681005372000592,0.7061089708310402,0.7772277227722773
396,3,6,5,svd,0.464158883361278,0.7292239955971381,0.693069306930693
397,3,6,5,skipgram,0.0359381366380462,0.7220693450742983,0.7524752475247525
398,3,6,5,cbow,1.6681005372000592,0.7413318657127133,0.7178217821782178
399,3,6,6,svd,21.54434690031885,0.7110621904237755,0.7029702970297029
400,3,6,6,skipgram,77.42636826811278,0.7116125481563016,0.7425742574257426
401,3,6,6,cbow,0.464158883361278,0.7198679141441937,0.7475247524752475
402,3,6,7,svd,77.42636826811278,0.7044578976334618,0.693069306930693
403,3,6,7,skipgram,0.464158883361278,0.7055586130985141,0.7227722772277227
404,3,6,7,cbow,1.6681005372000592,0.7297743533296642,0.7128712871287128
405,3,6,8,svd,1000.0,0.7182168409466153,0.6732673267326733
406,3,6,8,skipgram,0.1291549665014884,0.7083104017611448,0.7277227722772277
407,3,6,8,cbow,5.994842503189409,0.7303247110621904,0.7524752475247525
408,3,6,9,svd,21.54434690031885,0.7055586130985141,0.6831683168316832
409,3,6,9,skipgram,5.994842503189409,0.7242707760044028,0.7326732673267327
410,3,6,9,cbow,1.6681005372000592,0.7226197028068244,0.7277227722772277
411,3,6,10,svd,278.2559402207126,0.7000550357732526,0.6534653465346535
412,3,6,10,skipgram,0.464158883361278,0.7215189873417721,0.7326732673267327
413,3,6,10,cbow,0.464158883361278,0.7061089708310402,0.7227722772277227
414,3,7,5,svd,0.1291549665014884,0.7292239955971381,0.7178217821782178
415,3,7,5,skipgram,0.0359381366380462,0.6940011007154651,0.7128712871287128
416,3,7,5,cbow,0.464158883361278,0.7237204182718767,0.7128712871287128
417,3,7,6,svd,21.54434690031885,0.7264722069345074,0.698019801980198
418,3,7,6,skipgram,0.0359381366380462,0.7066593285635663,0.7574257425742574
419,3,7,6,cbow,5.994842503189409,0.7319757842597688,0.7178217821782178
420,3,7,7,svd,1.6681005372000592,0.7226197028068244,0.7029702970297029
421,3,7,7,skipgram,21.54434690031885,0.6912493120528344,0.7326732673267327
422,3,7,7,cbow,5.994842503189409,0.7215189873417721,0.7376237623762376
423,3,7,8,svd,0.464158883361278,0.7088607594936709,0.7079207920792079
424,3,7,8,skipgram,0.1291549665014884,0.7050082553659879,0.7475247524752475
425,3,7,8,cbow,5.994842503189409,0.7154650522839846,0.7376237623762376
426,3,7,9,svd,1000.0,0.7297743533296642,0.6831683168316832
427,3,7,9,skipgram,1.6681005372000592,0.6984039625756742,0.7524752475247525
428,3,7,9,cbow,0.464158883361278,0.7193175564116676,0.7227722772277227
429,3,7,10,svd,1.6681005372000592,0.7220693450742983,0.698019801980198
430,3,7,10,skipgram,5.994842503189409,0.7044578976334618,0.7524752475247525
431,3,7,10,cbow,0.464158883361278,0.7127132636213539,0.693069306930693
432,3,8,5,svd,0.464158883361278,0.7407815079801872,0.7326732673267327
433,3,8,5,skipgram,0.464158883361278,0.7044578976334618,0.7623762376237624
434,3,8,5,cbow,5.994842503189409,0.7396807925151349,0.7524752475247525
435,3,8,6,svd,0.1291549665014884,0.7237204182718767,0.7128712871287128
436,3,8,6,skipgram,0.1291549665014884,0.7077600440286186,0.7574257425742574
437,3,8,6,cbow,5.994842503189409,0.7083104017611448,0.7128712871287128
438,3,8,7,svd,21.54434690031885,0.7231700605393506,0.7376237623762376
439,3,8,7,skipgram,1.6681005372000592,0.7066593285635663,0.7920792079207921
440,3,8,7,cbow,0.464158883361278,0.7121629058888277,0.6633663366336634
441,3,8,8,svd,5.994842503189409,0.7226197028068244,0.7079207920792079
442,3,8,8,skipgram,0.1291549665014884,0.7099614749587232,0.7920792079207921
443,3,8,8,cbow,0.1291549665014884,0.6879471656576774,0.6485148514851485
444,3,8,9,svd,5.994842503189409,0.7193175564116676,0.6831683168316832
445,3,8,9,skipgram,0.1291549665014884,0.7077600440286186,0.7871287128712872
446,3,8,9,cbow,0.464158883361278,0.7022564667033572,0.6881188118811881
447,3,8,10,svd,0.464158883361278,0.7099614749587232,0.698019801980198
448,3,8,10,skipgram,77.42636826811278,0.7055586130985141,0.7623762376237624
449,3,8,10,cbow,0.1291549665014884,0.6912493120528344,0.7029702970297029
450,3,9,5,svd,0.1291549665014884,0.7341772151898734,0.7425742574257426
451,3,9,5,skipgram,0.0359381366380462,0.7011557512383049,0.7821782178217822
452,3,9,5,cbow,5.994842503189409,0.7176664832140892,0.6782178217821783
453,3,9,6,svd,1.6681005372000592,0.7358282883874518,0.7178217821782178
454,3,9,6,skipgram,0.464158883361278,0.7165657677490369,0.7871287128712872
455,3,9,6,cbow,5.994842503189409,0.7066593285635663,0.698019801980198
456,3,9,7,svd,77.42636826811278,0.7193175564116676,0.693069306930693
457,3,9,7,skipgram,5.994842503189409,0.7121629058888277,0.7920792079207921
458,3,9,7,cbow,5.994842503189409,0.7006053935057788,0.7079207920792079
459,3,9,8,svd,0.464158883361278,0.7319757842597688,0.6831683168316832
460,3,9,8,skipgram,1.6681005372000592,0.709411117226197,0.7871287128712872
461,3,9,8,cbow,0.464158883361278,0.6884975233902036,0.6584158415841584
462,3,9,9,svd,1.6681005372000592,0.7198679141441937,0.698019801980198
463,3,9,9,skipgram,1.6681005372000592,0.7138139790864062,0.7623762376237624
464,3,9,9,cbow,0.0359381366380462,0.6912493120528344,0.698019801980198
465,3,9,10,svd,1000.0,0.7160154100165107,0.693069306930693
466,3,9,10,skipgram,21.54434690031885,0.7055586130985141,0.7920792079207921
467,3,9,10,cbow,21.54434690031885,0.6857457347275729,0.6881188118811881
468,3,10,5,svd,0.1291549665014884,0.7446340121078702,0.7277227722772277
469,3,10,5,skipgram,1.6681005372000592,0.7061089708310402,0.7722772277227723
470,3,10,5,cbow,1.6681005372000592,0.7127132636213539,0.698019801980198
471,3,10,6,svd,77.42636826811278,0.7160154100165107,0.7277227722772277
472,3,10,6,skipgram,0.1291549665014884,0.7143643368189323,0.7722772277227723
473,3,10,6,cbow,21.54434690031885,0.6818932305998899,0.6831683168316832
474,3,10,7,svd,0.1291549665014884,0.7215189873417721,0.7128712871287128
475,3,10,7,skipgram,0.464158883361278,0.7028068244358833,0.7821782178217822
476,3,10,7,cbow,21.54434690031885,0.6951018161805174,0.6584158415841584
477,3,10,8,svd,0.464158883361278,0.7303247110621904,0.6732673267326733
478,3,10,8,skipgram,5.994842503189409,0.6989543203082004,0.7673267326732673
479,3,10,8,cbow,0.464158883361278,0.6890478811227297,0.6485148514851485
480,3,10,9,svd,0.1291549665014884,0.7110621904237755,0.7227722772277227
481,3,10,9,skipgram,21.54434690031885,0.7022564667033572,0.7772277227722773
482,3,10,9,cbow,1000.0,0.6945514584479912,0.6732673267326733
483,3,10,10,svd,0.1291549665014884,0.7143643368189323,0.7079207920792079
484,3,10,10,skipgram,1.6681005372000592,0.7110621904237755,0.7722772277227723
485,3,10,10,cbow,1.6681005372000592,0.6917996697853604,0.6584158415841584
486,4,2,5,svd,278.2559402207126,0.6796917996697853,0.7178217821782178
487,4,2,5,skipgram,0.464158883361278,0.5872317006053935,0.5742574257425742
488,4,2,5,cbow,1.6681005372000592,0.6631810676940011,0.6584158415841584
489,4,2,6,svd,1000.0,0.7011557512383049,0.7079207920792079
490,4,2,6,skipgram,0.1291549665014884,0.5993395707209687,0.6485148514851485
491,4,2,6,cbow,1.6681005372000592,0.6538249862410567,0.6534653465346535
492,4,2,7,svd,1000.0,0.7727022564667033,0.7128712871287128
493,4,2,7,skipgram,0.0359381366380462,0.658778205833792,0.6683168316831684
494,4,2,7,cbow,5.994842503189409,0.6538249862410567,0.6831683168316832
495,4,2,8,svd,1000.0,0.7336268574573472,0.7178217821782178
496,4,2,8,skipgram,0.0359381366380462,0.6538249862410567,0.6534653465346535
497,4,2,8,cbow,1.6681005372000592,0.64336818932306,0.6534653465346535
498,4,2,9,svd,1000.0,0.7110621904237755,0.698019801980198
499,4,2,9,skipgram,0.0359381366380462,0.6615299944964227,0.6534653465346535
500,4,2,9,cbow,77.42636826811278,0.6719867914144194,0.693069306930693
501,4,2,10,svd,1000.0,0.7066593285635663,0.7079207920792079
502,4,2,10,skipgram,0.01,0.6505228398458999,0.6287128712871287
503,4,2,10,cbow,0.464158883361278,0.6648321408915795,0.6683168316831684
504,4,3,5,svd,278.2559402207126,0.8128783709411117,0.8118811881188119
505,4,3,5,skipgram,0.464158883361278,0.6780407264722069,0.698019801980198
506,4,3,5,cbow,1.6681005372000592,0.7050082553659879,0.7227722772277227
507,4,3,6,svd,278.2559402207126,0.787011557512383,0.8267326732673267
508,4,3,6,skipgram,0.1291549665014884,0.6813428728673638,0.6831683168316832
509,4,3,6,cbow,1.6681005372000592,0.6906989543203081,0.6683168316831684
510,4,3,7,svd,1000.0,0.7644468904788112,0.7920792079207921
511,4,3,7,skipgram,0.1291549665014884,0.6703357182168409,0.6881188118811881
512,4,3,7,cbow,0.464158883361278,0.6736378646119978,0.7029702970297029
513,4,3,8,svd,1000.0,0.7694001100715465,0.7821782178217822
514,4,3,8,skipgram,0.1291549665014884,0.6653824986241057,0.6831683168316832
515,4,3,8,cbow,77.42636826811278,0.6686846450192625,0.6732673267326733
516,4,3,9,svd,77.42636826811278,0.7578425976884975,0.7920792079207921
517,4,3,9,skipgram,0.1291549665014884,0.6620803522289488,0.6881188118811881
518,4,3,9,cbow,5.994842503189409,0.6565767749036874,0.7178217821782178
519,4,3,10,svd,1000.0,0.7600440286186021,0.7821782178217822
520,4,3,10,skipgram,5.994842503189409,0.6703357182168409,0.7128712871287128
521,4,3,10,cbow,1.6681005372000592,0.6697853604843148,0.693069306930693
522,4,4,5,svd,278.2559402207126,0.7523390203632361,0.7079207920792079
523,4,4,5,skipgram,0.1291549665014884,0.7039075399009356,0.693069306930693
524,4,4,5,cbow,21.54434690031885,0.7193175564116676,0.698019801980198
525,4,4,6,svd,77.42636826811278,0.7589433131535498,0.7079207920792079
526,4,4,6,skipgram,0.1291549665014884,0.7077600440286186,0.7178217821782178
527,4,4,6,cbow,5.994842503189409,0.6995046780407265,0.7029702970297029
528,4,4,7,svd,77.42636826811278,0.7512383048981838,0.7277227722772277
529,4,4,7,skipgram,0.0359381366380462,0.7061089708310402,0.698019801980198
530,4,4,7,cbow,5.994842503189409,0.7022564667033572,0.7029702970297029
531,4,4,8,svd,77.42636826811278,0.7385800770500826,0.7079207920792079
532,4,4,8,skipgram,0.1291549665014884,0.7039075399009356,0.7178217821782178
533,4,4,8,cbow,1.6681005372000592,0.6714364336818932,0.6782178217821783
534,4,4,9,svd,5.994842503189409,0.7297743533296642,0.6435643564356436
535,4,4,9,skipgram,1.6681005372000592,0.7154650522839846,0.7178217821782178
536,4,4,9,cbow,0.1291549665014884,0.6879471656576774,0.7326732673267327
537,4,4,10,svd,278.2559402207126,0.7154650522839846,0.7376237623762376
538,4,4,10,skipgram,0.1291549665014884,0.7011557512383049,0.7178217821782178
539,4,4,10,cbow,0.464158883361278,0.6846450192625206,0.698019801980198
540,4,5,5,svd,278.2559402207126,0.7149146945514584,0.7277227722772277
541,4,5,5,skipgram,0.464158883361278,0.7204182718767199,0.698019801980198
542,4,5,5,cbow,0.464158883361278,0.7110621904237755,0.7029702970297029
543,4,5,6,svd,21.54434690031885,0.7011557512383049,0.6683168316831684
544,4,5,6,skipgram,1.6681005372000592,0.7160154100165107,0.7128712871287128
545,4,5,6,cbow,0.1291549665014884,0.6940011007154651,0.7029702970297029
546,4,5,7,svd,5.994842503189409,0.6917996697853604,0.7029702970297029
547,4,5,7,skipgram,5.994842503189409,0.7187671986791414,0.6782178217821783
548,4,5,7,cbow,0.1291549665014884,0.693450742982939,0.6831683168316832
549,4,5,8,svd,77.42636826811278,0.690148596587782,0.693069306930693
550,4,5,8,skipgram,5.994842503189409,0.7281232801320858,0.7326732673267327
551,4,5,8,cbow,0.464158883361278,0.6917996697853604,0.7425742574257426
552,4,5,9,svd,21.54434690031885,0.6807925151348376,0.6881188118811881
553,4,5,9,skipgram,0.1291549665014884,0.7253714914694551,0.7326732673267327
554,4,5,9,cbow,0.464158883361278,0.6973032471106219,0.7277227722772277
555,4,5,10,svd,1.6681005372000592,0.6697853604843148,0.693069306930693
556,4,5,10,skipgram,21.54434690031885,0.7187671986791414,0.7425742574257426
557,4,5,10,cbow,0.464158883361278,0.686296092460099,0.7227722772277227
558,4,6,5,svd,1.6681005372000592,0.7396807925151349,0.7079207920792079
559,4,6,5,skipgram,0.1291549665014884,0.7050082553659879,0.7178217821782178
560,4,6,5,cbow,5.994842503189409,0.6989543203082004,0.693069306930693
561,4,6,6,svd,1.6681005372000592,0.7237204182718767,0.698019801980198
562,4,6,6,skipgram,77.42636826811278,0.7160154100165107,0.7277227722772277
563,4,6,6,cbow,5.994842503189409,0.6785910842047331,0.7178217821782178
564,4,6,7,svd,5.994842503189409,0.6978536048431481,0.6782178217821783
565,4,6,7,skipgram,0.464158883361278,0.7369290038525041,0.7524752475247525
566,4,6,7,cbow,0.1291549665014884,0.6906989543203081,0.6732673267326733
567,4,6,8,svd,1.6681005372000592,0.7182168409466153,0.6584158415841584
568,4,6,8,skipgram,21.54434690031885,0.7270225646670335,0.7277227722772277
569,4,6,8,cbow,0.464158883361278,0.7006053935057788,0.6831683168316832
570,4,6,9,svd,278.2559402207126,0.6989543203082004,0.693069306930693
571,4,6,9,skipgram,0.1291549665014884,0.7204182718767199,0.7425742574257426
572,4,6,9,cbow,1.6681005372000592,0.7066593285635663,0.6138613861386139
573,4,6,10,svd,21.54434690031885,0.7022564667033572,0.6732673267326733
574,4,6,10,skipgram,1.6681005372000592,0.7149146945514584,0.7524752475247525
575,4,6,10,cbow,5.994842503189409,0.6846450192625206,0.7128712871287128
576,4,7,5,svd,0.464158883361278,0.7281232801320858,0.7128712871287128
577,4,7,5,skipgram,5.994842503189409,0.7044578976334618,0.6881188118811881
578,4,7,5,cbow,21.54434690031885,0.7011557512383049,0.7079207920792079
579,4,7,6,svd,1.6681005372000592,0.7226197028068244,0.698019801980198
580,4,7,6,skipgram,0.1291549665014884,0.7061089708310402,0.7079207920792079
581,4,7,6,cbow,0.464158883361278,0.6868464501926252,0.7376237623762376
582,4,7,7,svd,0.464158883361278,0.732526141992295,0.698019801980198
583,4,7,7,skipgram,5.994842503189409,0.7193175564116676,0.7425742574257426
584,4,7,7,cbow,0.464158883361278,0.6752889378095762,0.6534653465346535
585,4,7,8,svd,21.54434690031885,0.7352779306549257,0.6732673267326733
586,4,7,8,skipgram,77.42636826811278,0.7160154100165107,0.7574257425742574
587,4,7,8,cbow,0.1291549665014884,0.6620803522289488,0.6782178217821783
588,4,7,9,svd,1.6681005372000592,0.7160154100165107,0.693069306930693
589,4,7,9,skipgram,0.0359381366380462,0.7099614749587232,0.7326732673267327
590,4,7,9,cbow,5.994842503189409,0.6719867914144194,0.693069306930693
591,4,7,10,svd,5.994842503189409,0.7116125481563016,0.6782178217821783
592,4,7,10,skipgram,0.1291549665014884,0.7022564667033572,0.7821782178217822
593,4,7,10,cbow,0.0359381366380462,0.6730875068794716,0.6584158415841584
594,4,8,5,svd,1.6681005372000592,0.7457347275729224,0.7425742574257426
595,4,8,5,skipgram,0.01,0.6978536048431481,0.7277227722772277
596,4,8,5,cbow,0.464158883361278,0.6835443037974683,0.6831683168316832
597,4,8,6,svd,5.994842503189409,0.7237204182718767,0.7277227722772277
598,4,8,6,skipgram,5.994842503189409,0.7072096862960925,0.7128712871287128
599,4,8,6,cbow,0.1291549665014884,0.6686846450192625,0.6782178217821783
600,4,8,7,svd,0.464158883361278,0.7226197028068244,0.7178217821782178
601,4,8,7,skipgram,0.0359381366380462,0.7039075399009356,0.7128712871287128
602,4,8,7,cbow,21.54434690031885,0.6637314254265272,0.693069306930693
603,4,8,8,svd,5.994842503189409,0.7154650522839846,0.6881188118811881
604,4,8,8,skipgram,0.1291549665014884,0.7105118326912493,0.7376237623762376
605,4,8,8,cbow,5.994842503189409,0.6571271326362136,0.6435643564356436
606,4,8,9,svd,5.994842503189409,0.732526141992295,0.7029702970297029
607,4,8,9,skipgram,0.464158883361278,0.6989543203082004,0.7326732673267327
608,4,8,9,cbow,0.0359381366380462,0.6796917996697853,0.6732673267326733
609,4,8,10,svd,5.994842503189409,0.71326362135388,0.693069306930693
610,4,8,10,skipgram,0.0359381366380462,0.7105118326912493,0.7326732673267327
611,4,8,10,cbow,0.0359381366380462,0.6642817831590534,0.693069306930693
612,4,9,5,svd,0.464158883361278,0.728673637864612,0.7178217821782178
613,4,9,5,skipgram,0.0359381366380462,0.7006053935057788,0.7574257425742574
614,4,9,5,cbow,5.994842503189409,0.6840946615299945,0.6485148514851485
615,4,9,6,svd,0.1291549665014884,0.7429829389102917,0.7277227722772277
616,4,9,6,skipgram,1.6681005372000592,0.7072096862960925,0.7574257425742574
617,4,9,6,cbow,5.994842503189409,0.6670335718216841,0.7079207920792079
618,4,9,7,svd,5.994842503189409,0.7253714914694551,0.7277227722772277
619,4,9,7,skipgram,0.464158883361278,0.7061089708310402,0.7128712871287128
620,4,9,7,cbow,5.994842503189409,0.6521739130434783,0.6633663366336634
621,4,9,8,svd,0.464158883361278,0.7242707760044028,0.7178217821782178
622,4,9,8,skipgram,0.1291549665014884,0.71326362135388,0.7673267326732673
623,4,9,8,cbow,77.42636826811278,0.6631810676940011,0.693069306930693
624,4,9,9,svd,0.464158883361278,0.7275729223995597,0.7029702970297029
625,4,9,9,skipgram,5.994842503189409,0.7116125481563016,0.7722772277227723
626,4,9,9,cbow,1.6681005372000592,0.6505228398458999,0.6633663366336634
627,4,9,10,svd,5.994842503189409,0.7231700605393506,0.693069306930693
628,4,9,10,skipgram,1.6681005372000592,0.7066593285635663,0.7722772277227723
629,4,9,10,cbow,0.0359381366380462,0.6604292790313704,0.6534653465346535
630,4,10,5,svd,0.1291549665014884,0.7484865162355531,0.7475247524752475
631,4,10,5,skipgram,5.994842503189409,0.6940011007154651,0.7227722772277227
632,4,10,5,cbow,77.42636826811278,0.682443588332416,0.6683168316831684
633,4,10,6,svd,0.464158883361278,0.7264722069345074,0.7277227722772277
634,4,10,6,skipgram,0.1291549665014884,0.7066593285635663,0.7326732673267327
635,4,10,6,cbow,5.994842503189409,0.6631810676940011,0.6237623762376238
636,4,10,7,svd,77.42636826811278,0.7292239955971381,0.7079207920792079
637,4,10,7,skipgram,0.1291549665014884,0.7077600440286186,0.7326732673267327
638,4,10,7,cbow,21.54434690031885,0.654925701706109,0.6138613861386139
639,4,10,8,svd,0.464158883361278,0.7110621904237755,0.7178217821782178
640,4,10,8,skipgram,0.464158883361278,0.7017061089708311,0.7623762376237624
641,4,10,8,cbow,0.0359381366380462,0.6543753439735829,0.6237623762376238
642,4,10,9,svd,0.464158883361278,0.7154650522839846,0.7376237623762376
643,4,10,9,skipgram,5.994842503189409,0.7099614749587232,0.7524752475247525
644,4,10,9,cbow,0.0359381366380462,0.6631810676940011,0.6386138613861386
645,4,10,10,svd,0.1291549665014884,0.7242707760044028,0.7079207920792079
646,4,10,10,skipgram,0.464158883361278,0.7077600440286186,0.7178217821782178
647,4,10,10,cbow,0.1291549665014884,0.6538249862410567,0.6485148514851485
648,5,2,5,svd,1000.0,0.71326362135388,0.7574257425742574
649,5,2,5,skipgram,5.994842503189409,0.6147495872317006,0.6188118811881188
650,5,2,5,cbow,21.54434690031885,0.7044578976334618,0.7128712871287128
651,5,2,6,svd,278.2559402207126,0.7347275729223995,0.7029702970297029
652,5,2,6,skipgram,0.464158883361278,0.6130985140341222,0.599009900990099
653,5,2,6,cbow,5.994842503189409,0.6879471656576774,0.6534653465346535
654,5,2,7,svd,1000.0,0.7919647771051184,0.7673267326732673
655,5,2,7,skipgram,1.6681005372000592,0.6103467253714915,0.6485148514851485
656,5,2,7,cbow,21.54434690031885,0.6769400110071546,0.6534653465346535
657,5,2,8,svd,1000.0,0.7666483214089158,0.7623762376237624
658,5,2,8,skipgram,1.6681005372000592,0.6097963676389653,0.6435643564356436
659,5,2,8,cbow,21.54434690031885,0.6725371491469455,0.6534653465346535
660,5,2,9,svd,1000.0,0.7705008255365988,0.7524752475247525
661,5,2,9,skipgram,77.42636826811278,0.5982388552559164,0.6237623762376238
662,5,2,9,cbow,21.54434690031885,0.6879471656576774,0.6534653465346535
663,5,2,10,svd,278.2559402207126,0.755641166758393,0.7475247524752475
664,5,2,10,skipgram,1.6681005372000592,0.6048431480462301,0.6336633663366337
665,5,2,10,cbow,5.994842503189409,0.639515685195377,0.6485148514851485
666,5,3,5,svd,1000.0,0.8040726472206935,0.7871287128712872
667,5,3,5,skipgram,1.6681005372000592,0.6719867914144194,0.7128712871287128
668,5,3,5,cbow,77.42636826811278,0.6929003852504128,0.6485148514851485
669,5,3,6,svd,278.2559402207126,0.7963676389653275,0.7871287128712872
670,5,3,6,skipgram,0.464158883361278,0.6675839295542102,0.6831683168316832
671,5,3,6,cbow,5.994842503189409,0.6741882223445239,0.6683168316831684
672,5,3,7,svd,1000.0,0.7765547605943863,0.8118811881188119
673,5,3,7,skipgram,1.6681005372000592,0.6725371491469455,0.693069306930693
674,5,3,7,cbow,5.994842503189409,0.6653824986241057,0.698019801980198
675,5,3,8,svd,77.42636826811278,0.7771051183269125,0.7970297029702971
676,5,3,8,skipgram,21.54434690031885,0.6835443037974683,0.6732673267326733
677,5,3,8,cbow,21.54434690031885,0.6598789212988443,0.6732673267326733
678,5,3,9,svd,21.54434690031885,0.779306549257017,0.8267326732673267
679,5,3,9,skipgram,0.464158883361278,0.690148596587782,0.698019801980198
680,5,3,9,cbow,1.6681005372000592,0.6521739130434783,0.6831683168316832
681,5,3,10,svd,77.42636826811278,0.7655476059438635,0.8168316831683168
682,5,3,10,skipgram,0.464158883361278,0.6829939460649422,0.7178217821782178
683,5,3,10,cbow,278.2559402207126,0.6730875068794716,0.6188118811881188
684,5,4,5,svd,21.54434690031885,0.7523390203632361,0.7376237623762376
685,5,4,5,skipgram,0.464158883361278,0.6791414419372592,0.693069306930693
686,5,4,5,cbow,21.54434690031885,0.6675839295542102,0.6188118811881188
687,5,4,6,svd,21.54434690031885,0.7418822234452394,0.6683168316831684
688,5,4,6,skipgram,21.54434690031885,0.6543753439735829,0.7128712871287128
689,5,4,6,cbow,5.994842503189409,0.6796917996697853,0.6584158415841584
690,5,4,7,svd,5.994842503189409,0.7336268574573472,0.7079207920792079
691,5,4,7,skipgram,0.1291549665014884,0.6670335718216841,0.698019801980198
692,5,4,7,cbow,1.6681005372000592,0.6571271326362136,0.6485148514851485
693,5,4,8,svd,5.994842503189409,0.7215189873417721,0.7277227722772277
694,5,4,8,skipgram,0.464158883361278,0.6752889378095762,0.7029702970297029
695,5,4,8,cbow,0.464158883361278,0.6604292790313704,0.6782178217821783
696,5,4,9,svd,1.6681005372000592,0.7022564667033572,0.6683168316831684
697,5,4,9,skipgram,0.464158883361278,0.6736378646119978,0.693069306930693
698,5,4,9,cbow,0.01,0.6609796367638965,0.6336633663366337
699,5,4,10,svd,21.54434690031885,0.6940011007154651,0.6485148514851485
700,5,4,10,skipgram,0.464158883361278,0.6769400110071546,0.7029702970297029
701,5,4,10,cbow,0.01,0.6466703357182169,0.6732673267326733
702,5,5,5,svd,1.6681005372000592,0.7061089708310402,0.7178217821782178
703,5,5,5,skipgram,0.1291549665014884,0.6873968079251513,0.7277227722772277
704,5,5,5,cbow,21.54434690031885,0.6725371491469455,0.6683168316831684
705,5,5,6,svd,21.54434690031885,0.7105118326912493,0.6831683168316832
706,5,5,6,skipgram,0.464158883361278,0.6906989543203081,0.7277227722772277
707,5,5,6,cbow,1.6681005372000592,0.6692350027517887,0.7128712871287128
708,5,5,7,svd,1.6681005372000592,0.6945514584479912,0.7673267326732673
709,5,5,7,skipgram,5.994842503189409,0.7006053935057788,0.7178217821782178
710,5,5,7,cbow,0.1291549665014884,0.6582278481012658,0.6534653465346535
711,5,5,8,svd,77.42636826811278,0.6951018161805174,0.6831683168316832
712,5,5,8,skipgram,21.54434690031885,0.6846450192625206,0.7277227722772277
713,5,5,8,cbow,0.464158883361278,0.6428178315905339,0.6336633663366337
714,5,5,9,svd,77.42636826811278,0.6951018161805174,0.693069306930693
715,5,5,9,skipgram,0.1291549665014884,0.6846450192625206,0.7673267326732673
716,5,5,9,cbow,0.0359381366380462,0.6571271326362136,0.6435643564356436
717,5,5,10,svd,21.54434690031885,0.6956521739130435,0.693069306930693
718,5,5,10,skipgram,0.1291549665014884,0.6884975233902036,0.7029702970297029
719,5,5,10,cbow,77.42636826811278,0.6615299944964227,0.6881188118811881
720,5,6,5,svd,1.6681005372000592,0.7264722069345074,0.7178217821782178
721,5,6,5,skipgram,0.1291549665014884,0.693450742982939,0.7079207920792079
722,5,6,5,cbow,0.464158883361278,0.6857457347275729,0.6683168316831684
723,5,6,6,svd,278.2559402207126,0.7215189873417721,0.6881188118811881
724,5,6,6,skipgram,1.6681005372000592,0.6973032471106219,0.7326732673267327
725,5,6,6,cbow,0.464158883361278,0.6571271326362136,0.6633663366336634
726,5,6,7,svd,21.54434690031885,0.7198679141441937,0.6831683168316832
727,5,6,7,skipgram,0.0359381366380462,0.6956521739130435,0.7475247524752475
728,5,6,7,cbow,0.464158883361278,0.6505228398458999,0.594059405940594
729,5,6,8,svd,278.2559402207126,0.7160154100165107,0.6881188118811881
730,5,6,8,skipgram,0.464158883361278,0.7022564667033572,0.698019801980198
731,5,6,8,cbow,1.6681005372000592,0.6450192625206385,0.6287128712871287
732,5,6,9,svd,21.54434690031885,0.7165657677490369,0.6732673267326733
733,5,6,9,skipgram,0.0359381366380462,0.7028068244358833,0.7128712871287128
734,5,6,9,cbow,0.1291549665014884,0.6477710511832692,0.6237623762376238
735,5,6,10,svd,77.42636826811278,0.7044578976334618,0.6782178217821783
736,5,6,10,skipgram,0.464158883361278,0.6956521739130435,0.698019801980198
737,5,6,10,cbow,0.0359381366380462,0.6560264171711613,0.6534653465346535
738,5,7,5,svd,1.6681005372000592,0.7352779306549257,0.7425742574257426
739,5,7,5,skipgram,0.464158883361278,0.6796917996697853,0.7376237623762376
740,5,7,5,cbow,0.464158883361278,0.6747385800770501,0.6584158415841584
741,5,7,6,svd,5.994842503189409,0.7385800770500826,0.7227722772277227
742,5,7,6,skipgram,0.0359381366380462,0.6868464501926252,0.7227722772277227
743,5,7,6,cbow,5.994842503189409,0.6499724821133737,0.6584158415841584
744,5,7,7,svd,5.994842503189409,0.7270225646670335,0.7128712871287128
745,5,7,7,skipgram,0.0359381366380462,0.6752889378095762,0.7376237623762376
746,5,7,7,cbow,0.0359381366380462,0.6334617501375894,0.6138613861386139
747,5,7,8,svd,0.464158883361278,0.7143643368189323,0.6633663366336634
748,5,7,8,skipgram,0.0359381366380462,0.6923500275178867,0.7376237623762376
749,5,7,8,cbow,0.0359381366380462,0.6411667583929554,0.6485148514851485
750,5,7,9,svd,1.6681005372000592,0.7242707760044028,0.6732673267326733
751,5,7,9,skipgram,5.994842503189409,0.6956521739130435,0.7574257425742574
752,5,7,9,cbow,0.0359381366380462,0.639515685195377,0.5792079207920792
753,5,7,10,svd,1.6681005372000592,0.7242707760044028,0.6782178217821783
754,5,7,10,skipgram,0.0359381366380462,0.7044578976334618,0.7376237623762376
755,5,7,10,cbow,0.464158883361278,0.6367638965327462,0.5693069306930693
756,5,8,5,svd,1.6681005372000592,0.7396807925151349,0.7128712871287128
757,5,8,5,skipgram,0.464158883361278,0.6835443037974683,0.7128712871287128
758,5,8,5,cbow,5.994842503189409,0.6620803522289488,0.6534653465346535
759,5,8,6,svd,77.42636826811278,0.7281232801320858,0.7277227722772277
760,5,8,6,skipgram,0.1291549665014884,0.6857457347275729,0.6881188118811881
761,5,8,6,cbow,5.994842503189409,0.6571271326362136,0.6336633663366337
762,5,8,7,svd,21.54434690031885,0.7297743533296642,0.6831683168316832
763,5,8,7,skipgram,0.464158883361278,0.6730875068794716,0.7475247524752475
764,5,8,7,cbow,5.994842503189409,0.6422674738580078,0.6732673267326733
765,5,8,8,svd,1.6681005372000592,0.7270225646670335,0.7227722772277227
766,5,8,8,skipgram,5.994842503189409,0.6752889378095762,0.7277227722772277
767,5,8,8,cbow,0.0359381366380462,0.6230049532195927,0.6237623762376238
768,5,8,9,svd,1.6681005372000592,0.717116125481563,0.7128712871287128
769,5,8,9,skipgram,5.994842503189409,0.6923500275178867,0.693069306930693
770,5,8,9,cbow,5.994842503189409,0.6389653274628508,0.6485148514851485
771,5,8,10,svd,1.6681005372000592,0.7275729223995597,0.698019801980198
772,5,8,10,skipgram,5.994842503189409,0.6791414419372592,0.7128712871287128
773,5,8,10,cbow,0.1291549665014884,0.6186020913593836,0.6138613861386139
774,5,9,5,svd,0.1291549665014884,0.7451843698403963,0.7227722772277227
775,5,9,5,skipgram,0.464158883361278,0.6697853604843148,0.693069306930693
776,5,9,5,cbow,1.6681005372000592,0.6439185470555862,0.6584158415841584
777,5,9,6,svd,0.464158883361278,0.7418822234452394,0.7326732673267327
778,5,9,6,skipgram,1.6681005372000592,0.6697853604843148,0.7524752475247525
779,5,9,6,cbow,5.994842503189409,0.6103467253714915,0.6287128712871287
780,5,9,7,svd,0.464158883361278,0.7358282883874518,0.7128712871287128
781,5,9,7,skipgram,0.1291549665014884,0.6851953769950467,0.7227722772277227
782,5,9,7,cbow,278.2559402207126,0.6307099614749587,0.5891089108910891
783,5,9,8,svd,0.464158883361278,0.7308750687947165,0.7673267326732673
784,5,9,8,skipgram,0.0359381366380462,0.6736378646119978,0.698019801980198
785,5,9,8,cbow,0.464158883361278,0.6257567418822234,0.6138613861386139
786,5,9,9,svd,1.6681005372000592,0.7116125481563016,0.693069306930693
787,5,9,9,skipgram,21.54434690031885,0.6785910842047331,0.7178217821782178
788,5,9,9,cbow,1.6681005372000592,0.6097963676389653,0.6534653465346535
789,5,9,10,svd,77.42636826811278,0.7154650522839846,0.6782178217821783
790,5,9,10,skipgram,5.994842503189409,0.6708860759493671,0.7425742574257426
791,5,9,10,cbow,0.0359381366380462,0.6208035222894882,0.594059405940594
792,5,10,5,svd,1.6681005372000592,0.7380297193175565,0.7128712871287128
793,5,10,5,skipgram,0.1291549665014884,0.6747385800770501,0.6831683168316832
794,5,10,5,cbow,5.994842503189409,0.6505228398458999,0.6732673267326733
795,5,10,6,svd,0.1291549665014884,0.7319757842597688,0.7326732673267327
796,5,10,6,skipgram,1.6681005372000592,0.6802421574023115,0.6633663366336634
797,5,10,6,cbow,5.994842503189409,0.6175013758943313,0.6584158415841584
798,5,10,7,svd,0.1291549665014884,0.747936158503027,0.7178217821782178
799,5,10,7,skipgram,0.464158883361278,0.6884975233902036,0.6831683168316832
800,5,10,7,cbow,0.0359381366380462,0.6158503026967529,0.6287128712871287
801,5,10,8,svd,0.464158883361278,0.7308750687947165,0.7079207920792079
802,5,10,8,skipgram,21.54434690031885,0.6763896532746285,0.693069306930693
803,5,10,8,cbow,0.1291549665014884,0.6037424325811778,0.5841584158415841
804,5,10,9,svd,0.464158883361278,0.7077600440286186,0.698019801980198
805,5,10,9,skipgram,0.464158883361278,0.6708860759493671,0.6633663366336634
806,5,10,9,cbow,0.1291549665014884,0.6053935057787562,0.5643564356435643
807,5,10,10,svd,0.1291549665014884,0.7187671986791414,0.7128712871287128
808,5,10,10,skipgram,5.994842503189409,0.6780407264722069,0.693069306930693
809,5,10,10,cbow,0.1291549665014884,0.6175013758943313,0.5841584158415841
810,6,2,5,svd,1000.0,0.717116125481563,0.7326732673267327
811,6,2,5,skipgram,5.994842503189409,0.6532746285085306,0.6534653465346535
812,6,2,5,cbow,21.54434690031885,0.7160154100165107,0.698019801980198
813,6,2,6,svd,1000.0,0.7374793615850302,0.7079207920792079
814,6,2,6,skipgram,77.42636826811278,0.6274078150798019,0.6534653465346535
815,6,2,6,cbow,5.994842503189409,0.6675839295542102,0.6633663366336634
816,6,2,7,svd,278.2559402207126,0.7996697853604843,0.7920792079207921
817,6,2,7,skipgram,5.994842503189409,0.6285085305448541,0.6584158415841584
818,6,2,7,cbow,1.6681005372000592,0.6763896532746285,0.7128712871287128
819,6,2,8,svd,1000.0,0.7875619152449091,0.7821782178217822
820,6,2,8,skipgram,1.6681005372000592,0.6197028068244359,0.6435643564356436
821,6,2,8,cbow,21.54434690031885,0.6417171161254815,0.6435643564356436
822,6,2,9,svd,1000.0,0.7688497523390203,0.7376237623762376
823,6,2,9,skipgram,0.464158883361278,0.6367638965327462,0.6039603960396039
824,6,2,9,cbow,0.464158883361278,0.651073197578426,0.693069306930693
825,6,2,10,svd,1000.0,0.7561915244909191,0.7722772277227723
826,6,2,10,skipgram,0.464158883361278,0.627958172812328,0.6237623762376238
827,6,2,10,cbow,1000.0,0.6417171161254815,0.6881188118811881
828,6,3,5,svd,77.42636826811278,0.810126582278481,0.801980198019802
829,6,3,5,skipgram,5.994842503189409,0.6543753439735829,0.599009900990099
830,6,3,5,cbow,21.54434690031885,0.6681342872867364,0.6386138613861386
831,6,3,6,svd,77.42636826811278,0.7886626307099615,0.7920792079207921
832,6,3,6,skipgram,0.464158883361278,0.6609796367638965,0.6435643564356436
833,6,3,6,cbow,5.994842503189409,0.658778205833792,0.6831683168316832
834,6,3,7,svd,1000.0,0.7760044028618602,0.7722772277227723
835,6,3,7,skipgram,5.994842503189409,0.6516235553109522,0.6683168316831684
836,6,3,7,cbow,1.6681005372000592,0.6554760594386351,0.6435643564356436
837,6,3,8,svd,77.42636826811278,0.7798569069895432,0.7970297029702971
838,6,3,8,skipgram,1.6681005372000592,0.6505228398458999,0.693069306930693
839,6,3,8,cbow,1.6681005372000592,0.6290588882773803,0.6584158415841584
840,6,3,9,svd,1000.0,0.7721518987341772,0.7673267326732673
841,6,3,9,skipgram,0.464158883361278,0.6444689047881123,0.6633663366336634
842,6,3,9,cbow,1.6681005372000592,0.6169510181618052,0.6336633663366337
843,6,3,10,svd,1000.0,0.7798569069895432,0.7821782178217822
844,6,3,10,skipgram,5.994842503189409,0.6505228398458999,0.7326732673267327
845,6,3,10,cbow,0.464158883361278,0.6169510181618052,0.6039603960396039
846,6,4,5,svd,1.6681005372000592,0.7534397358282884,0.7178217821782178
847,6,4,5,skipgram,0.464158883361278,0.639515685195377,0.6386138613861386
848,6,4,5,cbow,5.994842503189409,0.6538249862410567,0.6188118811881188
849,6,4,6,svd,21.54434690031885,0.7281232801320858,0.6633663366336634
850,6,4,6,skipgram,0.0359381366380462,0.6362135388002201,0.6881188118811881
851,6,4,6,cbow,1.6681005372000592,0.6257567418822234,0.6039603960396039
852,6,4,7,svd,21.54434690031885,0.7281232801320858,0.6683168316831684
853,6,4,7,skipgram,1.6681005372000592,0.6604292790313704,0.6485148514851485
854,6,4,7,cbow,5.994842503189409,0.6312603192074848,0.6435643564356436
855,6,4,8,svd,0.464158883361278,0.7061089708310402,0.7326732673267327
856,6,4,8,skipgram,0.1291549665014884,0.6554760594386351,0.6683168316831684
857,6,4,8,cbow,1.6681005372000592,0.6252063841496973,0.6237623762376238
858,6,4,9,svd,21.54434690031885,0.7077600440286186,0.6584158415841584
859,6,4,9,skipgram,1.6681005372000592,0.6538249862410567,0.6683168316831684
860,6,4,9,cbow,1.6681005372000592,0.6180517336268575,0.599009900990099
861,6,4,10,svd,278.2559402207126,0.6873968079251513,0.6633663366336634
862,6,4,10,skipgram,5.994842503189409,0.6516235553109522,0.6485148514851485
863,6,4,10,cbow,0.01,0.627958172812328,0.5792079207920792
864,6,5,5,svd,21.54434690031885,0.7215189873417721,0.7524752475247525
865,6,5,5,skipgram,0.0359381366380462,0.6653824986241057,0.6831683168316832
866,6,5,5,cbow,1.6681005372000592,0.6697853604843148,0.693069306930693
867,6,5,6,svd,1000.0,0.7066593285635663,0.7178217821782178
868,6,5,6,skipgram,0.0359381366380462,0.6769400110071546,0.6584158415841584
869,6,5,6,cbow,1.6681005372000592,0.6554760594386351,0.6683168316831684
870,6,5,7,svd,1000.0,0.6973032471106219,0.7029702970297029
871,6,5,7,skipgram,0.0359381366380462,0.686296092460099,0.693069306930693
872,6,5,7,cbow,0.0359381366380462,0.6373142542652724,0.6633663366336634
873,6,5,8,svd,5.994842503189409,0.6906989543203081,0.6683168316831684
874,6,5,8,skipgram,0.1291549665014884,0.6697853604843148,0.6782178217821783
875,6,5,8,cbow,0.01,0.6186020913593836,0.6138613861386139
876,6,5,9,svd,278.2559402207126,0.686296092460099,0.7079207920792079
877,6,5,9,skipgram,5.994842503189409,0.6725371491469455,0.6584158415841584
878,6,5,9,cbow,0.0359381366380462,0.6230049532195927,0.6188118811881188
879,6,5,10,svd,77.42636826811278,0.6884975233902036,0.6633663366336634
880,6,5,10,skipgram,0.464158883361278,0.6917996697853604,0.6831683168316832
881,6,5,10,cbow,0.0359381366380462,0.6103467253714915,0.6237623762376238
882,6,6,5,svd,0.464158883361278,0.7330764997248211,0.7128712871287128
883,6,6,5,skipgram,0.1291549665014884,0.6752889378095762,0.6633663366336634
884,6,6,5,cbow,21.54434690031885,0.6802421574023115,0.594059405940594
885,6,6,6,svd,5.994842503189409,0.7237204182718767,0.6881188118811881
886,6,6,6,skipgram,0.1291549665014884,0.6774903687396808,0.6831683168316832
887,6,6,6,cbow,1.6681005372000592,0.6532746285085306,0.6237623762376238
888,6,6,7,svd,278.2559402207126,0.7270225646670335,0.7079207920792079
889,6,6,7,skipgram,0.0359381366380462,0.6835443037974683,0.7128712871287128
890,6,6,7,cbow,0.464158883361278,0.6543753439735829,0.6386138613861386
891,6,6,8,svd,21.54434690031885,0.717116125481563,0.7128712871287128
892,6,6,8,skipgram,0.464158883361278,0.662630709961475,0.6683168316831684
893,6,6,8,cbow,1.6681005372000592,0.6329113924050633,0.6831683168316832
894,6,6,9,svd,21.54434690031885,0.7017061089708311,0.6732673267326733
895,6,6,9,skipgram,1.6681005372000592,0.6670335718216841,0.6534653465346535
896,6,6,9,cbow,0.464158883361278,0.6604292790313704,0.6089108910891089
897,6,6,10,svd,77.42636826811278,0.7088607594936709,0.6831683168316832
898,6,6,10,skipgram,0.464158883361278,0.6730875068794716,0.6782178217821783
899,6,6,10,cbow,5.994842503189409,0.6312603192074848,0.6435643564356436
900,6,7,5,svd,5.994842503189409,0.7369290038525041,0.7227722772277227
901,6,7,5,skipgram,1.6681005372000592,0.6648321408915795,0.7128712871287128
902,6,7,5,cbow,77.42636826811278,0.6741882223445239,0.594059405940594
903,6,7,6,svd,77.42636826811278,0.7297743533296642,0.7277227722772277
904,6,7,6,skipgram,0.0359381366380462,0.6659328563566318,0.6237623762376238
905,6,7,6,cbow,0.1291549665014884,0.6367638965327462,0.6237623762376238
906,6,7,7,svd,5.994842503189409,0.7319757842597688,0.7277227722772277
907,6,7,7,skipgram,5.994842503189409,0.6659328563566318,0.6881188118811881
908,6,7,7,cbow,0.464158883361278,0.6411667583929554,0.6881188118811881
909,6,7,8,svd,1.6681005372000592,0.7237204182718767,0.693069306930693
910,6,7,8,skipgram,5.994842503189409,0.6659328563566318,0.7079207920792079
911,6,7,8,cbow,1.6681005372000592,0.6593285635663181,0.6237623762376238
912,6,7,9,svd,5.994842503189409,0.7187671986791414,0.698019801980198
913,6,7,9,skipgram,5.994842503189409,0.6912493120528344,0.698019801980198
914,6,7,9,cbow,0.1291549665014884,0.6461199779856907,0.6534653465346535
915,6,7,10,svd,1.6681005372000592,0.7215189873417721,0.7079207920792079
916,6,7,10,skipgram,5.994842503189409,0.6730875068794716,0.6732673267326733
917,6,7,10,cbow,0.1291549665014884,0.6532746285085306,0.6237623762376238
918,6,8,5,svd,0.464158883361278,0.7407815079801872,0.7277227722772277
919,6,8,5,skipgram,1.6681005372000592,0.666483214089158,0.6782178217821783
920,6,8,5,cbow,1.6681005372000592,0.6466703357182169,0.6584158415841584
921,6,8,6,svd,0.464158883361278,0.732526141992295,0.7376237623762376
922,6,8,6,skipgram,0.1291549665014884,0.654925701706109,0.6831683168316832
923,6,8,6,cbow,5.994842503189409,0.6411667583929554,0.599009900990099
924,6,8,7,svd,1.6681005372000592,0.7380297193175565,0.7178217821782178
925,6,8,7,skipgram,5.994842503189409,0.6615299944964227,0.7277227722772277
926,6,8,7,cbow,0.464158883361278,0.6543753439735829,0.6138613861386139
927,6,8,8,svd,1.6681005372000592,0.7204182718767199,0.7227722772277227
928,6,8,8,skipgram,21.54434690031885,0.6714364336818932,0.698019801980198
929,6,8,8,cbow,0.1291549665014884,0.6219042377545404,0.6386138613861386
930,6,8,9,svd,1.6681005372000592,0.7363786461199779,0.7029702970297029
931,6,8,9,skipgram,0.0359381366380462,0.6659328563566318,0.6881188118811881
932,6,8,9,cbow,0.0359381366380462,0.6296092460099064,0.6534653465346535
933,6,8,10,svd,77.42636826811278,0.7193175564116676,0.6831683168316832
934,6,8,10,skipgram,1.6681005372000592,0.6637314254265272,0.6683168316831684
935,6,8,10,cbow,0.1291549665014884,0.6384149697303247,0.6188118811881188
936,6,9,5,svd,0.464158883361278,0.7473858007705009,0.7128712871287128
937,6,9,5,skipgram,1.6681005372000592,0.6642817831590534,0.6683168316831684
938,6,9,5,cbow,21.54434690031885,0.6703357182168409,0.6336633663366337
939,6,9,6,svd,0.464158883361278,0.744083654375344,0.7524752475247525
940,6,9,6,skipgram,5.994842503189409,0.6648321408915795,0.6633663366336634
941,6,9,6,cbow,5.994842503189409,0.6444689047881123,0.6386138613861386
942,6,9,7,svd,77.42636826811278,0.7319757842597688,0.7277227722772277
943,6,9,7,skipgram,21.54434690031885,0.6417171161254815,0.6386138613861386
944,6,9,7,cbow,0.1291549665014884,0.631810676940011,0.6435643564356436
945,6,9,8,svd,77.42636826811278,0.717116125481563,0.7277227722772277
946,6,9,8,skipgram,5.994842503189409,0.6565767749036874,0.6485148514851485
947,6,9,8,cbow,5.994842503189409,0.6411667583929554,0.6386138613861386
948,6,9,9,svd,1.6681005372000592,0.7330764997248211,0.6782178217821783
949,6,9,9,skipgram,1.6681005372000592,0.6620803522289488,0.6683168316831684
950,6,9,9,cbow,0.0359381366380462,0.6296092460099064,0.6188118811881188
951,6,9,10,svd,21.54434690031885,0.720968629609246,0.698019801980198
952,6,9,10,skipgram,77.42636826811278,0.6631810676940011,0.6782178217821783
953,6,9,10,cbow,0.1291549665014884,0.635663181067694,0.6485148514851485
954,6,10,5,svd,1.6681005372000592,0.7358282883874518,0.7178217821782178
955,6,10,5,skipgram,0.1291549665014884,0.6505228398458999,0.6237623762376238
956,6,10,5,cbow,21.54434690031885,0.6466703357182169,0.6683168316831684
957,6,10,6,svd,0.1291549665014884,0.7407815079801872,0.7376237623762376
958,6,10,6,skipgram,1.6681005372000592,0.6422674738580078,0.6534653465346535
959,6,10,6,cbow,5.994842503189409,0.6246560264171711,0.6089108910891089
960,6,10,7,svd,0.1291549665014884,0.7303247110621904,0.693069306930693
961,6,10,7,skipgram,0.0359381366380462,0.6565767749036874,0.6732673267326733
962,6,10,7,cbow,0.1291549665014884,0.6246560264171711,0.6435643564356436
963,6,10,8,svd,5.994842503189409,0.7105118326912493,0.6831683168316832
964,6,10,8,skipgram,0.0359381366380462,0.6631810676940011,0.6336633663366337
965,6,10,8,cbow,5.994842503189409,0.6136488717666483,0.6237623762376238
966,6,10,9,svd,1.6681005372000592,0.7044578976334618,0.6485148514851485
967,6,10,9,skipgram,0.464158883361278,0.6631810676940011,0.6485148514851485
968,6,10,9,cbow,0.464158883361278,0.6152999449642268,0.6188118811881188
969,6,10,10,svd,0.464158883361278,0.7226197028068244,0.6633663366336634
970,6,10,10,skipgram,5.994842503189409,0.6488717666483214,0.6485148514851485
971,6,10,10,cbow,0.0359381366380462,0.6097963676389653,0.594059405940594
972,7,2,5,svd,278.2559402207126,0.7143643368189323,0.7475247524752475
973,7,2,5,skipgram,1.6681005372000592,0.6846450192625206,0.6485148514851485
974,7,2,5,cbow,5.994842503189409,0.6851953769950467,0.6831683168316832
975,7,2,6,svd,77.42636826811278,0.7198679141441937,0.7277227722772277
976,7,2,6,skipgram,0.464158883361278,0.6697853604843148,0.6336633663366337
977,7,2,6,cbow,1.6681005372000592,0.647220693450743,0.6534653465346535
978,7,2,7,svd,278.2559402207126,0.787011557512383,0.7772277227722773
979,7,2,7,skipgram,21.54434690031885,0.682443588332416,0.6485148514851485
980,7,2,7,cbow,77.42636826811278,0.6329113924050633,0.6386138613861386
981,7,2,8,svd,1000.0,0.7716015410016511,0.7475247524752475
982,7,2,8,skipgram,0.464158883361278,0.6758392955421023,0.6683168316831684
983,7,2,8,cbow,1.6681005372000592,0.6064942212438085,0.6435643564356436
984,7,2,9,svd,1000.0,0.7545404512933407,0.7277227722772277
985,7,2,9,skipgram,5.994842503189409,0.690148596587782,0.6831683168316832
986,7,2,9,cbow,5.994842503189409,0.6152999449642268,0.6534653465346535
987,7,2,10,svd,1000.0,0.7484865162355531,0.7623762376237624
988,7,2,10,skipgram,0.0359381366380462,0.6681342872867364,0.6584158415841584
989,7,2,10,cbow,5.994842503189409,0.6230049532195927,0.6534653465346535
990,7,3,5,svd,278.2559402207126,0.7963676389653275,0.806930693069307
991,7,3,5,skipgram,5.994842503189409,0.6532746285085306,0.6386138613861386
992,7,3,5,cbow,5.994842503189409,0.6351128233351678,0.6089108910891089
993,7,3,6,svd,1000.0,0.787011557512383,0.8168316831683168
994,7,3,6,skipgram,5.994842503189409,0.6560264171711613,0.6633663366336634
995,7,3,6,cbow,1.6681005372000592,0.627958172812328,0.599009900990099
996,7,3,7,svd,77.42636826811278,0.7666483214089158,0.7772277227722773
997,7,3,7,skipgram,0.0359381366380462,0.6477710511832692,0.6881188118811881
998,7,3,7,cbow,21.54434690031885,0.6417171161254815,0.6336633663366337
999,7,3,8,svd,1000.0,0.7787561915244909,0.7821782178217822
1000,7,3,8,skipgram,5.994842503189409,0.6538249862410567,0.693069306930693
1001,7,3,8,cbow,1.6681005372000592,0.6257567418822234,0.6435643564356436
1002,7,3,9,svd,278.2559402207126,0.7809576224545954,0.7871287128712872
1003,7,3,9,skipgram,0.0359381366380462,0.6582278481012658,0.7128712871287128
1004,7,3,9,cbow,5.994842503189409,0.6125481563015961,0.6188118811881188
1005,7,3,10,svd,77.42636826811278,0.7771051183269125,0.8267326732673267
1006,7,3,10,skipgram,0.464158883361278,0.6653824986241057,0.7128712871287128
1007,7,3,10,cbow,1.6681005372000592,0.6147495872317006,0.6237623762376238
1008,7,4,5,svd,77.42636826811278,0.7429829389102917,0.7376237623762376
1009,7,4,5,skipgram,0.0359381366380462,0.6521739130434783,0.6782178217821783
1010,7,4,5,cbow,5.994842503189409,0.6268574573472757,0.6138613861386139
1011,7,4,6,svd,5.994842503189409,0.7242707760044028,0.7425742574257426
1012,7,4,6,skipgram,77.42636826811278,0.6576774903687397,0.6831683168316832
1013,7,4,6,cbow,1.6681005372000592,0.5877820583379196,0.5792079207920792
1014,7,4,7,svd,21.54434690031885,0.7138139790864062,0.6782178217821783
1015,7,4,7,skipgram,0.464158883361278,0.6719867914144194,0.7029702970297029
1016,7,4,7,cbow,5.994842503189409,0.5987892129884425,0.5495049504950495
1017,7,4,8,svd,5.994842503189409,0.7121629058888277,0.6782178217821783
1018,7,4,8,skipgram,5.994842503189409,0.6637314254265272,0.7178217821782178
1019,7,4,8,cbow,1.6681005372000592,0.5905338470005503,0.5792079207920792
1020,7,4,9,svd,1.6681005372000592,0.7044578976334618,0.6287128712871287
1021,7,4,9,skipgram,1.6681005372000592,0.6796917996697853,0.7128712871287128
1022,7,4,9,cbow,0.464158883361278,0.5883324160704458,0.6138613861386139
1023,7,4,10,svd,21.54434690031885,0.6906989543203081,0.7029702970297029
1024,7,4,10,skipgram,0.464158883361278,0.6703357182168409,0.6782178217821783
1025,7,4,10,cbow,1.6681005372000592,0.5877820583379196,0.5346534653465347
1026,7,5,5,svd,21.54434690031885,0.7110621904237755,0.7326732673267327
1027,7,5,5,skipgram,1.6681005372000592,0.658778205833792,0.6534653465346535
1028,7,5,5,cbow,278.2559402207126,0.6312603192074848,0.6683168316831684
1029,7,5,6,svd,21.54434690031885,0.6978536048431481,0.6732673267326733
1030,7,5,6,skipgram,5.994842503189409,0.6571271326362136,0.6782178217821783
1031,7,5,6,cbow,5.994842503189409,0.6252063841496973,0.6584158415841584
1032,7,5,7,svd,21.54434690031885,0.6917996697853604,0.7079207920792079
1033,7,5,7,skipgram,5.994842503189409,0.6648321408915795,0.698019801980198
1034,7,5,7,cbow,0.1291549665014884,0.6125481563015961,0.5841584158415841
1035,7,5,8,svd,77.42636826811278,0.690148596587782,0.6831683168316832
1036,7,5,8,skipgram,0.1291549665014884,0.6741882223445239,0.693069306930693
1037,7,5,8,cbow,0.1291549665014884,0.6075949367088608,0.6633663366336634
1038,7,5,9,svd,21.54434690031885,0.6912493120528344,0.6485148514851485
1039,7,5,9,skipgram,0.1291549665014884,0.666483214089158,0.6782178217821783
1040,7,5,9,cbow,1.6681005372000592,0.6235553109521189,0.6188118811881188
1041,7,5,10,svd,77.42636826811278,0.6835443037974683,0.693069306930693
1042,7,5,10,skipgram,0.464158883361278,0.6802421574023115,0.7475247524752475
1043,7,5,10,cbow,0.1291549665014884,0.5954870665932857,0.6039603960396039
1044,7,6,5,svd,0.464158883361278,0.7138139790864062,0.6831683168316832
1045,7,6,5,skipgram,5.994842503189409,0.6763896532746285,0.6534653465346535
1046,7,6,5,cbow,1.6681005372000592,0.654925701706109,0.6881188118811881
1047,7,6,6,svd,77.42636826811278,0.7110621904237755,0.6831683168316832
1048,7,6,6,skipgram,0.0359381366380462,0.6769400110071546,0.7277227722772277
1049,7,6,6,cbow,1.6681005372000592,0.6406164006604292,0.6485148514851485
1050,7,6,7,svd,77.42636826811278,0.7198679141441937,0.6782178217821783
1051,7,6,7,skipgram,0.1291549665014884,0.6890478811227297,0.6584158415841584
1052,7,6,7,cbow,21.54434690031885,0.6373142542652724,0.6633663366336634
1053,7,6,8,svd,77.42636826811278,0.7138139790864062,0.6633663366336634
1054,7,6,8,skipgram,1.6681005372000592,0.6725371491469455,0.7079207920792079
1055,7,6,8,cbow,5.994842503189409,0.6108970831040176,0.6237623762376238
1056,7,6,9,svd,5.994842503189409,0.6984039625756742,0.7029702970297029
1057,7,6,9,skipgram,0.1291549665014884,0.6758392955421023,0.6732673267326733
1058,7,6,9,cbow,1.6681005372000592,0.6329113924050633,0.7128712871287128
1059,7,6,10,svd,1.6681005372000592,0.7050082553659879,0.6485148514851485
1060,7,6,10,skipgram,0.0359381366380462,0.6648321408915795,0.6633663366336634
1061,7,6,10,cbow,1.6681005372000592,0.6230049532195927,0.6089108910891089
1062,7,7,5,svd,0.464158883361278,0.7380297193175565,0.7029702970297029
1063,7,7,5,skipgram,5.994842503189409,0.6785910842047331,0.7376237623762376
1064,7,7,5,cbow,278.2559402207126,0.6620803522289488,0.693069306930693
1065,7,7,6,svd,1.6681005372000592,0.724821133736929,0.7079207920792079
1066,7,7,6,skipgram,0.1291549665014884,0.6741882223445239,0.7079207920792079
1067,7,7,6,cbow,0.1291549665014884,0.6384149697303247,0.6534653465346535
1068,7,7,7,svd,0.464158883361278,0.7259218492019813,0.693069306930693
1069,7,7,7,skipgram,0.0359381366380462,0.6637314254265272,0.7227722772277227
1070,7,7,7,cbow,1.6681005372000592,0.6263070996147496,0.693069306930693
1071,7,7,8,svd,1.6681005372000592,0.7066593285635663,0.7128712871287128
1072,7,7,8,skipgram,0.464158883361278,0.6857457347275729,0.7029702970297029
1073,7,7,8,cbow,0.0359381366380462,0.6130985140341222,0.6237623762376238
1074,7,7,9,svd,21.54434690031885,0.7242707760044028,0.6633663366336634
1075,7,7,9,skipgram,1.6681005372000592,0.6763896532746285,0.6881188118811881
1076,7,7,9,cbow,0.464158883361278,0.635663181067694,0.6386138613861386
1077,7,7,10,svd,77.42636826811278,0.7149146945514584,0.7227722772277227
1078,7,7,10,skipgram,1.6681005372000592,0.6763896532746285,0.6881188118811881
1079,7,7,10,cbow,21.54434690031885,0.6136488717666483,0.6683168316831684
1080,7,8,5,svd,0.464158883361278,0.7396807925151349,0.6881188118811881
1081,7,8,5,skipgram,0.1291549665014884,0.6851953769950467,0.6782178217821783
1082,7,8,5,cbow,0.464158883361278,0.6450192625206385,0.6831683168316832
1083,7,8,6,svd,0.464158883361278,0.7220693450742983,0.7326732673267327
1084,7,8,6,skipgram,21.54434690031885,0.6659328563566318,0.6584158415841584
1085,7,8,6,cbow,1.6681005372000592,0.6367638965327462,0.594059405940594
1086,7,8,7,svd,0.464158883361278,0.7264722069345074,0.698019801980198
1087,7,8,7,skipgram,1.6681005372000592,0.6670335718216841,0.6782178217821783
1088,7,8,7,cbow,0.1291549665014884,0.6224545954870666,0.6336633663366337
1089,7,8,8,svd,21.54434690031885,0.7143643368189323,0.7178217821782178
1090,7,8,8,skipgram,0.464158883361278,0.6719867914144194,0.6881188118811881
1091,7,8,8,cbow,21.54434690031885,0.6499724821133737,0.599009900990099
1092,7,8,9,svd,1.6681005372000592,0.7187671986791414,0.6881188118811881
1093,7,8,9,skipgram,5.994842503189409,0.6708860759493671,0.698019801980198
1094,7,8,9,cbow,21.54434690031885,0.6130985140341222,0.5891089108910891
1095,7,8,10,svd,5.994842503189409,0.7231700605393506,0.698019801980198
1096,7,8,10,skipgram,0.1291549665014884,0.6780407264722069,0.6881188118811881
1097,7,8,10,cbow,0.464158883361278,0.6219042377545404,0.6188118811881188
1098,7,9,5,svd,0.464158883361278,0.7539900935608145,0.7623762376237624
1099,7,9,5,skipgram,0.464158883361278,0.6604292790313704,0.6831683168316832
1100,7,9,5,cbow,21.54434690031885,0.6670335718216841,0.7079207920792079
1101,7,9,6,svd,1.6681005372000592,0.7385800770500826,0.7227722772277227
1102,7,9,6,skipgram,77.42636826811278,0.6642817831590534,0.6386138613861386
1103,7,9,6,cbow,1.6681005372000592,0.6169510181618052,0.6089108910891089
1104,7,9,7,svd,1.6681005372000592,0.7154650522839846,0.6831683168316832
1105,7,9,7,skipgram,278.2559402207126,0.6615299944964227,0.6831683168316832
1106,7,9,7,cbow,0.464158883361278,0.6312603192074848,0.6336633663366337
1107,7,9,8,svd,77.42636826811278,0.7314254265272427,0.7029702970297029
1108,7,9,8,skipgram,0.0359381366380462,0.662630709961475,0.7128712871287128
1109,7,9,8,cbow,0.1291549665014884,0.6097963676389653,0.6435643564356436
1110,7,9,9,svd,5.994842503189409,0.7220693450742983,0.6732673267326733
1111,7,9,9,skipgram,0.1291549665014884,0.6642817831590534,0.698019801980198
1112,7,9,9,cbow,21.54434690031885,0.6180517336268575,0.6237623762376238
1113,7,9,10,svd,0.464158883361278,0.7105118326912493,0.6881188118811881
1114,7,9,10,skipgram,5.994842503189409,0.6747385800770501,0.698019801980198
1115,7,9,10,cbow,5.994842503189409,0.6125481563015961,0.6287128712871287
1116,7,10,5,svd,21.54434690031885,0.7193175564116676,0.7574257425742574
1117,7,10,5,skipgram,0.464158883361278,0.651073197578426,0.6138613861386139
1118,7,10,5,cbow,1.6681005372000592,0.6444689047881123,0.6237623762376238
1119,7,10,6,svd,0.464158883361278,0.7303247110621904,0.6831683168316832
1120,7,10,6,skipgram,1.6681005372000592,0.6466703357182169,0.6386138613861386
1121,7,10,6,cbow,77.42636826811278,0.6053935057787562,0.599009900990099
1122,7,10,7,svd,0.464158883361278,0.7369290038525041,0.7277227722772277
1123,7,10,7,skipgram,5.994842503189409,0.658778205833792,0.6485148514851485
1124,7,10,7,cbow,0.0359381366380462,0.6097963676389653,0.6089108910891089
1125,7,10,8,svd,0.1291549665014884,0.7297743533296642,0.6881188118811881
1126,7,10,8,skipgram,0.0359381366380462,0.6494221243808476,0.6732673267326733
1127,7,10,8,cbow,5.994842503189409,0.6191524490919097,0.5297029702970297
1128,7,10,9,svd,21.54434690031885,0.7259218492019813,0.6683168316831684
1129,7,10,9,skipgram,0.464158883361278,0.6505228398458999,0.6633663366336634
1130,7,10,9,cbow,0.0359381366380462,0.5938359933957073,0.5841584158415841
1131,7,10,10,svd,0.464158883361278,0.7231700605393506,0.7029702970297029
1132,7,10,10,skipgram,5.994842503189409,0.6659328563566318,0.6386138613861386
1133,7,10,10,cbow,1.6681005372000592,0.620253164556962,0.6831683168316832
1134,8,2,5,svd,1000.0,0.7006053935057788,0.7227722772277227
1135,8,2,5,skipgram,0.01,0.6461199779856907,0.6188118811881188
1136,8,2,5,cbow,5.994842503189409,0.6769400110071546,0.6188118811881188
1137,8,2,6,svd,77.42636826811278,0.71326362135388,0.6831683168316832
1138,8,2,6,skipgram,0.1291549665014884,0.6450192625206385,0.599009900990099
1139,8,2,6,cbow,5.994842503189409,0.6097963676389653,0.6435643564356436
1140,8,2,7,svd,77.42636826811278,0.7853604843148047,0.7722772277227723
1141,8,2,7,skipgram,278.2559402207126,0.6560264171711613,0.6485148514851485
1142,8,2,7,cbow,1.6681005372000592,0.5982388552559164,0.6534653465346535
1143,8,2,8,svd,1000.0,0.7644468904788112,0.7376237623762376
1144,8,2,8,skipgram,77.42636826811278,0.658778205833792,0.6435643564356436
1145,8,2,8,cbow,1.6681005372000592,0.5850302696752889,0.6386138613861386
1146,8,2,9,svd,1000.0,0.75178866263071,0.7079207920792079
1147,8,2,9,skipgram,1.6681005372000592,0.6466703357182169,0.6287128712871287
1148,8,2,9,cbow,5.994842503189409,0.6009906439185471,0.594059405940594
1149,8,2,10,svd,278.2559402207126,0.7413318657127133,0.7425742574257426
1150,8,2,10,skipgram,0.1291549665014884,0.6505228398458999,0.6386138613861386
1151,8,2,10,cbow,5.994842503189409,0.5723720418271877,0.5594059405940595
1152,8,3,5,svd,278.2559402207126,0.7996697853604843,0.7970297029702971
1153,8,3,5,skipgram,21.54434690031885,0.6444689047881123,0.6782178217821783
1154,8,3,5,cbow,1.6681005372000592,0.6136488717666483,0.6485148514851485
1155,8,3,6,svd,278.2559402207126,0.7815079801871216,0.8217821782178217
1156,8,3,6,skipgram,1.6681005372000592,0.654925701706109,0.7029702970297029
1157,8,3,6,cbow,1.6681005372000592,0.6274078150798019,0.6237623762376238
1158,8,3,7,svd,77.42636826811278,0.7633461750137589,0.7970297029702971
1159,8,3,7,skipgram,0.464158883361278,0.6345624656026417,0.7425742574257426
1160,8,3,7,cbow,5.994842503189409,0.6252063841496973,0.6138613861386139
1161,8,3,8,svd,21.54434690031885,0.7622454595487067,0.801980198019802
1162,8,3,8,skipgram,0.0359381366380462,0.6675839295542102,0.6534653465346535
1163,8,3,8,cbow,1.6681005372000592,0.5960374243258117,0.6287128712871287
1164,8,3,9,svd,21.54434690031885,0.7699504678040726,0.8118811881188119
1165,8,3,9,skipgram,21.54434690031885,0.6466703357182169,0.7128712871287128
1166,8,3,9,cbow,1.6681005372000592,0.5982388552559164,0.6336633663366337
1167,8,3,10,svd,1000.0,0.7644468904788112,0.8118811881188119
1168,8,3,10,skipgram,0.1291549665014884,0.6444689047881123,0.693069306930693
1169,8,3,10,cbow,1.6681005372000592,0.5976884975233901,0.6039603960396039
1170,8,4,5,svd,5.994842503189409,0.720968629609246,0.7029702970297029
1171,8,4,5,skipgram,0.0359381366380462,0.6648321408915795,0.6485148514851485
1172,8,4,5,cbow,21.54434690031885,0.6400660429279031,0.6485148514851485
1173,8,4,6,svd,5.994842503189409,0.709411117226197,0.6534653465346535
1174,8,4,6,skipgram,1.6681005372000592,0.647220693450743,0.6633663366336634
1175,8,4,6,cbow,5.994842503189409,0.5949367088607594,0.6534653465346535
1176,8,4,7,svd,0.464158883361278,0.7182168409466153,0.7128712871287128
1177,8,4,7,skipgram,1.6681005372000592,0.6400660429279031,0.7029702970297029
1178,8,4,7,cbow,1.6681005372000592,0.6345624656026417,0.6089108910891089
1179,8,4,8,svd,1.6681005372000592,0.7061089708310402,0.6732673267326733
1180,8,4,8,skipgram,0.464158883361278,0.6604292790313704,0.6435643564356436
1181,8,4,8,cbow,5.994842503189409,0.6136488717666483,0.6534653465346535
1182,8,4,9,svd,5.994842503189409,0.6890478811227297,0.6485148514851485
1183,8,4,9,skipgram,1.6681005372000592,0.6571271326362136,0.6881188118811881
1184,8,4,9,cbow,21.54434690031885,0.6064942212438085,0.6386138613861386
1185,8,4,10,svd,5.994842503189409,0.693450742982939,0.6633663366336634
1186,8,4,10,skipgram,0.464158883361278,0.6697853604843148,0.693069306930693
1187,8,4,10,cbow,0.464158883361278,0.6075949367088608,0.6287128712871287
1188,8,5,5,svd,278.2559402207126,0.7039075399009356,0.693069306930693
1189,8,5,5,skipgram,0.0359381366380462,0.6692350027517887,0.6732673267326733
1190,8,5,5,cbow,1.6681005372000592,0.6554760594386351,0.6732673267326733
1191,8,5,6,svd,278.2559402207126,0.6978536048431481,0.7326732673267327
1192,8,5,6,skipgram,21.54434690031885,0.6741882223445239,0.6683168316831684
1193,8,5,6,cbow,1.6681005372000592,0.6351128233351678,0.6386138613861386
1194,8,5,7,svd,278.2559402207126,0.689598238855256,0.6485148514851485
1195,8,5,7,skipgram,0.1291549665014884,0.6752889378095762,0.6584158415841584
1196,8,5,7,cbow,0.464158883361278,0.624105668684645,0.5693069306930693
1197,8,5,8,svd,21.54434690031885,0.689598238855256,0.7079207920792079
1198,8,5,8,skipgram,0.0359381366380462,0.6796917996697853,0.6782178217821783
1199,8,5,8,cbow,0.464158883361278,0.6186020913593836,0.6287128712871287
1200,8,5,9,svd,278.2559402207126,0.6940011007154651,0.698019801980198
1201,8,5,9,skipgram,0.1291549665014884,0.6818932305998899,0.6435643564356436
1202,8,5,9,cbow,0.464158883361278,0.6186020913593836,0.6881188118811881
1203,8,5,10,svd,21.54434690031885,0.6769400110071546,0.6732673267326733
1204,8,5,10,skipgram,278.2559402207126,0.6686846450192625,0.6782178217821783
1205,8,5,10,cbow,0.1291549665014884,0.6312603192074848,0.6336633663366337
1206,8,6,5,svd,5.994842503189409,0.7204182718767199,0.698019801980198
1207,8,6,5,skipgram,1.6681005372000592,0.6653824986241057,0.7128712871287128
1208,8,6,5,cbow,21.54434690031885,0.651073197578426,0.6683168316831684
1209,8,6,6,svd,1.6681005372000592,0.7226197028068244,0.7029702970297029
1210,8,6,6,skipgram,1.6681005372000592,0.682443588332416,0.6534653465346535
1211,8,6,6,cbow,0.1291549665014884,0.6604292790313704,0.6683168316831684
1212,8,6,7,svd,5.994842503189409,0.7116125481563016,0.6831683168316832
1213,8,6,7,skipgram,0.464158883361278,0.6846450192625206,0.6633663366336634
1214,8,6,7,cbow,0.1291549665014884,0.6329113924050633,0.6287128712871287
1215,8,6,8,svd,5.994842503189409,0.7044578976334618,0.6881188118811881
1216,8,6,8,skipgram,1.6681005372000592,0.6785910842047331,0.698019801980198
1217,8,6,8,cbow,5.994842503189409,0.6268574573472757,0.6584158415841584
1218,8,6,9,svd,77.42636826811278,0.7061089708310402,0.6881188118811881
1219,8,6,9,skipgram,0.1291549665014884,0.6851953769950467,0.6732673267326733
1220,8,6,9,cbow,5.994842503189409,0.6285085305448541,0.6584158415841584
1221,8,6,10,svd,21.54434690031885,0.7077600440286186,0.6584158415841584
1222,8,6,10,skipgram,0.0359381366380462,0.6851953769950467,0.693069306930693
1223,8,6,10,cbow,1.6681005372000592,0.6334617501375894,0.6237623762376238
1224,8,7,5,svd,0.1291549665014884,0.7259218492019813,0.6782178217821783
1225,8,7,5,skipgram,0.0359381366380462,0.6741882223445239,0.6633663366336634
1226,8,7,5,cbow,1.6681005372000592,0.6609796367638965,0.7178217821782178
1227,8,7,6,svd,5.994842503189409,0.7187671986791414,0.6831683168316832
1228,8,7,6,skipgram,1.6681005372000592,0.6747385800770501,0.7128712871287128
1229,8,7,6,cbow,77.42636826811278,0.6406164006604292,0.6534653465346535
1230,8,7,7,svd,0.464158883361278,0.717116125481563,0.6881188118811881
1231,8,7,7,skipgram,0.1291549665014884,0.6758392955421023,0.6782178217821783
1232,8,7,7,cbow,0.1291549665014884,0.6373142542652724,0.7029702970297029
1233,8,7,8,svd,77.42636826811278,0.7149146945514584,0.7128712871287128
1234,8,7,8,skipgram,5.994842503189409,0.6791414419372592,0.6831683168316832
1235,8,7,8,cbow,0.1291549665014884,0.647220693450743,0.6584158415841584
1236,8,7,9,svd,5.994842503189409,0.7055586130985141,0.6584158415841584
1237,8,7,9,skipgram,0.1291549665014884,0.682443588332416,0.6633663366336634
1238,8,7,9,cbow,0.0359381366380462,0.6422674738580078,0.6732673267326733
1239,8,7,10,svd,21.54434690031885,0.7044578976334618,0.693069306930693
1240,8,7,10,skipgram,0.464158883361278,0.6791414419372592,0.693069306930693
1241,8,7,10,cbow,5.994842503189409,0.6378646119977985,0.6881188118811881
1242,8,8,5,svd,1.6681005372000592,0.7352779306549257,0.7227722772277227
1243,8,8,5,skipgram,0.0359381366380462,0.6840946615299945,0.6633663366336634
1244,8,8,5,cbow,0.0359381366380462,0.6406164006604292,0.6188118811881188
1245,8,8,6,svd,0.464158883361278,0.7336268574573472,0.7079207920792079
1246,8,8,6,skipgram,0.1291549665014884,0.662630709961475,0.6782178217821783
1247,8,8,6,cbow,0.464158883361278,0.6329113924050633,0.6039603960396039
1248,8,8,7,svd,1.6681005372000592,0.7319757842597688,0.698019801980198
1249,8,8,7,skipgram,77.42636826811278,0.6675839295542102,0.693069306930693
1250,8,8,7,cbow,0.1291549665014884,0.6362135388002201,0.6138613861386139
1251,8,8,8,svd,77.42636826811278,0.7347275729223995,0.7277227722772277
1252,8,8,8,skipgram,0.1291549665014884,0.6714364336818932,0.6633663366336634
1253,8,8,8,cbow,5.994842503189409,0.6477710511832692,0.6534653465346535
1254,8,8,9,svd,1.6681005372000592,0.7165657677490369,0.6831683168316832
1255,8,8,9,skipgram,1.6681005372000592,0.6763896532746285,0.6534653465346535
1256,8,8,9,cbow,1.6681005372000592,0.6257567418822234,0.6336633663366337
1257,8,8,10,svd,77.42636826811278,0.7165657677490369,0.693069306930693
1258,8,8,10,skipgram,0.464158883361278,0.662630709961475,0.698019801980198
1259,8,8,10,cbow,0.1291549665014884,0.647220693450743,0.6534653465346535
1260,8,9,5,svd,278.2559402207126,0.7435332966428179,0.7425742574257426
1261,8,9,5,skipgram,21.54434690031885,0.6483214089157953,0.6732673267326733
1262,8,9,5,cbow,1.6681005372000592,0.6494221243808476,0.6782178217821783
1263,8,9,6,svd,1.6681005372000592,0.7358282883874518,0.7326732673267327
1264,8,9,6,skipgram,21.54434690031885,0.6637314254265272,0.6584158415841584
1265,8,9,6,cbow,0.464158883361278,0.6422674738580078,0.6336633663366337
1266,8,9,7,svd,1.6681005372000592,0.732526141992295,0.7029702970297029
1267,8,9,7,skipgram,0.464158883361278,0.6631810676940011,0.7029702970297029
1268,8,9,7,cbow,0.1291549665014884,0.6417171161254815,0.6683168316831684
1269,8,9,8,svd,278.2559402207126,0.7281232801320858,0.693069306930693
1270,8,9,8,skipgram,0.464158883361278,0.6631810676940011,0.6633663366336634
1271,8,9,8,cbow,0.1291549665014884,0.6191524490919097,0.6831683168316832
1272,8,9,9,svd,21.54434690031885,0.7204182718767199,0.7079207920792079
1273,8,9,9,skipgram,5.994842503189409,0.6780407264722069,0.6782178217821783
1274,8,9,9,cbow,21.54434690031885,0.6340121078701155,0.6534653465346535
1275,8,9,10,svd,278.2559402207126,0.7193175564116676,0.6831683168316832
1276,8,9,10,skipgram,77.42636826811278,0.6675839295542102,0.7029702970297029
1277,8,9,10,cbow,77.42636826811278,0.6230049532195927,0.6435643564356436
1278,8,10,5,svd,0.464158883361278,0.7435332966428179,0.7227722772277227
1279,8,10,5,skipgram,21.54434690031885,0.654925701706109,0.6584158415841584
1280,8,10,5,cbow,0.0359381366380462,0.631810676940011,0.6683168316831684
1281,8,10,6,svd,1.6681005372000592,0.7374793615850302,0.7277227722772277
1282,8,10,6,skipgram,0.1291549665014884,0.666483214089158,0.6336633663366337
1283,8,10,6,cbow,0.1291549665014884,0.6340121078701155,0.6435643564356436
1284,8,10,7,svd,0.464158883361278,0.728673637864612,0.698019801980198
1285,8,10,7,skipgram,1.6681005372000592,0.662630709961475,0.6435643564356436
1286,8,10,7,cbow,0.0359381366380462,0.6208035222894882,0.6237623762376238
1287,8,10,8,svd,0.464158883361278,0.7270225646670335,0.6831683168316832
1288,8,10,8,skipgram,5.994842503189409,0.6565767749036874,0.6584158415841584
1289,8,10,8,cbow,1.6681005372000592,0.6290588882773803,0.594059405940594
1290,8,10,9,svd,0.464158883361278,0.7187671986791414,0.6683168316831684
1291,8,10,9,skipgram,0.1291549665014884,0.6620803522289488,0.6534653465346535
1292,8,10,9,cbow,0.1291549665014884,0.6020913593835994,0.5594059405940595
1293,8,10,10,svd,1.6681005372000592,0.7088607594936709,0.6831683168316832
1294,8,10,10,skipgram,0.0359381366380462,0.6604292790313704,0.6633663366336634
1295,8,10,10,cbow,0.1291549665014884,0.6213538800220143,0.6138613861386139
