emb_type,m,n,k,RMSSTD-lit-gpt-p-val
SVD,1,2,2,0.041372731885263234
SVD,1,2,4,0.1829477907247633
SVD,1,2,6,0.0021344856525881044
SVD,1,2,8,0.7028539245968848
SVD,1,2,10,0.0936842641138269
SVD,1,3,2,0.11196787998107062
SVD,1,3,4,4.442317943031853e-08
SVD,1,3,6,5.6217220749158545e-21
SVD,1,3,8,8.289668628695162e-25
SVD,1,3,10,2.3305560354239308e-26
SVD,1,4,2,5.228059641063878e-08
SVD,1,4,4,1.0143980549427975e-22
SVD,1,4,6,3.0086858438389494e-17
SVD,1,4,8,9.15545987582028e-12
SVD,1,4,10,3.0157193951411693e-07
SVD,1,5,2,2.0946947740733244e-15
SVD,1,5,4,4.575805066272366e-07
SVD,1,5,6,0.00016589500062939112
SVD,1,5,8,0.0003701695141153585
SVD,1,5,10,0.0005687334254717152
SVD,1,6,2,4.226900510544429e-19
SVD,1,6,4,0.0006267876819384574
SVD,1,6,6,0.0003262240659499252
SVD,1,6,8,0.0003720167177174925
SVD,1,6,10,0.0003570315364945248
SVD,1,7,2,6.210348314755587e-13
SVD,1,7,4,0.0005357841435258066
SVD,1,7,6,0.0004337414813570187
SVD,1,7,8,0.00043454355360541614
SVD,1,7,10,0.00043347443122441413
SVD,1,8,2,4.913863369008945e-07
SVD,1,8,4,0.00039320520811577563
SVD,1,8,6,0.0005346447316021423
SVD,1,8,8,0.0005310844910397632
SVD,1,8,10,0.0005740969208559229
SVD,1,9,2,3.7211560603761865e-05
SVD,1,9,4,0.0007025426565812721
SVD,1,9,6,0.0006802727329873132
SVD,1,9,8,0.0006798665851132708
SVD,1,9,10,0.0009589500305377569
SVD,1,10,2,0.0001682190554438226
SVD,1,10,4,0.0008176385688040605
SVD,1,10,6,0.0008066235208028787
SVD,1,10,8,0.0008738867238639386
SVD,1,10,10,0.0010116455746083
SVD,2,2,2,0.0006906697410456863
SVD,2,2,4,9.630417201686105e-06
SVD,2,2,6,0.9862690665897809
SVD,2,2,8,0.00024643307470353855
SVD,2,2,10,1.6248147029028146e-10
SVD,2,3,2,0.052682275306147566
SVD,2,3,4,8.69443860013226e-06
SVD,2,3,6,1.1864471050161976e-15
SVD,2,3,8,1.6217661803795462e-22
SVD,2,3,10,7.677696529241351e-25
SVD,2,4,2,4.2610539578786585e-08
SVD,2,4,4,1.8306242444783416e-22
SVD,2,4,6,3.193306283554014e-28
SVD,2,4,8,1.4428546278374174e-25
SVD,2,4,10,6.47588619785018e-17
SVD,2,5,2,1.5509353166909435e-19
SVD,2,5,4,1.177611986622772e-16
SVD,2,5,6,2.9901768074960355e-07
SVD,2,5,8,0.0004686461223551755
SVD,2,5,10,0.0016639379275960786
SVD,2,6,2,1.1124829857657788e-20
SVD,2,6,4,0.00038275031728844856
SVD,2,6,6,0.0018878699575420794
SVD,2,6,8,0.0020581335758800357
SVD,2,6,10,0.0018068165377094025
SVD,2,7,2,1.6780404612031543e-16
SVD,2,7,4,0.0027214613212211683
SVD,2,7,6,0.0020178308637389514
SVD,2,7,8,0.00200566137902302
SVD,2,7,10,0.0019979522698901505
SVD,2,8,2,8.389357406925093e-08
SVD,2,8,4,0.0023065176452979545
SVD,2,8,6,0.0025735756892629343
SVD,2,8,8,0.0025735756892629343
SVD,2,8,10,0.0027448433655328933
SVD,2,9,2,4.775518076070194e-05
SVD,2,9,4,0.003111063595885353
SVD,2,9,6,0.0030749892154647235
SVD,2,9,8,0.003061966120344614
SVD,2,9,10,0.0041673723319138245
SVD,2,10,2,0.0008549440341655288
SVD,2,10,4,0.0036870354535052914
SVD,2,10,6,0.0036164622365315114
SVD,2,10,8,0.003877044205463573
SVD,2,10,10,0.004434049309178853
SVD,3,2,2,1.5415108890476047e-05
SVD,3,2,4,3.322859711708054e-05
SVD,3,2,6,0.6352060453729801
SVD,3,2,8,2.252310984786073e-08
SVD,3,2,10,1.0513587883377678e-14
SVD,3,3,2,0.0007723577187256077
SVD,3,3,4,0.001426612142615645
SVD,3,3,6,2.87871234614737e-14
SVD,3,3,8,2.6286170594821257e-21
SVD,3,3,10,8.882605021349585e-23
SVD,3,4,2,8.859029060054828e-06
SVD,3,4,4,1.879472299862682e-23
SVD,3,4,6,3.6402111279528567e-29
SVD,3,4,8,3.5569457534519627e-32
SVD,3,4,10,4.999486057645861e-21
SVD,3,5,2,1.012014255720627e-18
SVD,3,5,4,3.7285818690970644e-23
SVD,3,5,6,4.456651412992762e-10
SVD,3,5,8,2.615174721281597e-05
SVD,3,5,10,0.0007254885057897503
SVD,3,6,2,1.0931450395085668e-19
SVD,3,6,4,8.575229469496783e-05
SVD,3,6,6,0.0021524691210823713
SVD,3,6,8,0.0029722037629557998
SVD,3,6,10,0.0027361303277935326
SVD,3,7,2,5.102225507082563e-16
SVD,3,7,4,0.005470358396522588
SVD,3,7,6,0.0031894275795685094
SVD,3,7,8,0.003149189917714291
SVD,3,7,10,0.0031408655388900915
SVD,3,8,2,2.1339716423701385e-07
SVD,3,8,4,0.0038775383223020616
SVD,3,8,6,0.003878035464164104
SVD,3,8,8,0.0038820664971239358
SVD,3,8,10,0.004153732403151862
SVD,3,9,2,0.0001874344586185522
SVD,3,9,4,0.0049823163060783125
SVD,3,9,6,0.004847472521184529
SVD,3,9,8,0.004842542324919562
SVD,3,9,10,0.006511943194029963
SVD,3,10,2,0.0017105922104438903
SVD,3,10,4,0.0056603615912536286
SVD,3,10,6,0.005407442220139174
SVD,3,10,8,0.005851052697902718
SVD,3,10,10,0.00667073360765574
SVD,4,2,2,4.893610029909067e-08
SVD,4,2,4,1.3636926827013355e-05
SVD,4,2,6,0.02138542029662442
SVD,4,2,8,1.6659457452215024e-11
SVD,4,2,10,4.231557386978092e-15
SVD,4,3,2,0.000311813631800079
SVD,4,3,4,0.005045769827150755
SVD,4,3,6,2.5115256116674686e-11
SVD,4,3,8,1.364950102620866e-18
SVD,4,3,10,2.8297422044868254e-21
SVD,4,4,2,0.0002942001424189408
SVD,4,4,4,9.891647022289953e-22
SVD,4,4,6,1.8360296611478035e-28
SVD,4,4,8,2.111224821885319e-33
SVD,4,4,10,1.2235108324004913e-26
SVD,4,5,2,1.7594752901248186e-16
SVD,4,5,4,2.8794115905507835e-24
SVD,4,5,6,3.044696465538731e-13
SVD,4,5,8,1.577095983765144e-06
SVD,4,5,10,0.0004873627688453492
SVD,4,6,2,8.300248927433612e-21
SVD,4,6,4,1.7754659048128045e-05
SVD,4,6,6,0.003528750032911622
SVD,4,6,8,0.006392016347555077
SVD,4,6,10,0.0072218113207199635
SVD,4,7,2,4.154614270956935e-15
SVD,4,7,4,0.01047342137975313
SVD,4,7,6,0.0073679465176907126
SVD,4,7,8,0.007360756885645034
SVD,4,7,10,0.007360756885645034
SVD,4,8,2,5.374948448837632e-07
SVD,4,8,4,0.008495289207830808
SVD,4,8,6,0.00886233937727751
SVD,4,8,8,0.00885809736118639
SVD,4,8,10,0.009429829241233667
SVD,4,9,2,0.00031930494139931773
SVD,4,9,4,0.010853439154587743
SVD,4,9,6,0.010737093838501207
SVD,4,9,8,0.010656813278608486
SVD,4,9,10,0.014059535076721402
SVD,4,10,2,0.003061295925430861
SVD,4,10,4,0.011924357834012973
SVD,4,10,6,0.012254346602847847
SVD,4,10,8,0.013044097383515346
SVD,4,10,10,0.014782841992668576
SVD,5,2,2,2.070058468433411e-08
SVD,5,2,4,7.327873871908448e-05
SVD,5,2,6,3.230963480552569e-05
SVD,5,2,8,5.602521987231751e-16
SVD,5,2,10,6.288820188744785e-18
SVD,5,3,2,0.014651660249377986
SVD,5,3,4,0.0008994155174820965
SVD,5,3,6,3.361599792200825e-11
SVD,5,3,8,2.681935878576441e-16
SVD,5,3,10,2.1831610109991834e-20
SVD,5,4,2,0.0023491693910766584
SVD,5,4,4,4.715108779553571e-20
SVD,5,4,6,1.661745885015255e-28
SVD,5,4,8,9.491896659325504e-33
SVD,5,4,10,2.528247701740524e-28
SVD,5,5,2,6.391161055713281e-15
SVD,5,5,4,1.3762939796416855e-26
SVD,5,5,6,1.2011695735429e-15
SVD,5,5,8,1.969787159119097e-08
SVD,5,5,10,0.00012614789626002397
SVD,5,6,2,3.3381511231111067e-18
SVD,5,6,4,8.61326750949616e-07
SVD,5,6,6,0.0028056742770520412
SVD,5,6,8,0.006360433127242092
SVD,5,6,10,0.008836914476729
SVD,5,7,2,4.852629762060568e-15
SVD,5,7,4,0.010395186379584833
SVD,5,7,6,0.009317978196554668
SVD,5,7,8,0.009407099101634939
SVD,5,7,10,0.009416052878057404
SVD,5,8,2,4.6028885309322505e-06
SVD,5,8,4,0.0112132098329074
SVD,5,8,6,0.011398936209155318
SVD,5,8,8,0.011404246357759724
SVD,5,8,10,0.012116585119882357
SVD,5,9,2,0.001854065815506505
SVD,5,9,4,0.01405414764404897
SVD,5,9,6,0.013844661672702149
SVD,5,9,8,0.013756625016655696
SVD,5,9,10,0.01803177136914946
SVD,5,10,2,0.004974368858022423
SVD,5,10,4,0.0149068617221776
SVD,5,10,6,0.015350068797965315
SVD,5,10,8,0.01631592736435348
SVD,5,10,10,0.018471957130406884
SVD,6,2,2,4.5149712799067456e-10
SVD,6,2,4,0.0028022059664015372
SVD,6,2,6,1.8498597279770087e-07
SVD,6,2,8,1.8680243929530738e-16
SVD,6,2,10,7.220517225508538e-18
SVD,6,3,2,0.002140615828378913
SVD,6,3,4,0.0002500947390351393
SVD,6,3,6,4.0652577179171325e-11
SVD,6,3,8,9.756830766952638e-15
SVD,6,3,10,5.501582842097717e-19
SVD,6,4,2,0.012670521285615386
SVD,6,4,4,2.4315884627860055e-17
SVD,6,4,6,5.863726268884397e-27
SVD,6,4,8,3.289084517105748e-29
SVD,6,4,10,8.996447245292673e-29
SVD,6,5,2,3.9656791116877264e-12
SVD,6,5,4,1.0849266402061653e-25
SVD,6,5,6,5.298278795352385e-16
SVD,6,5,8,3.6041332939609076e-09
SVD,6,5,10,5.160293467743938e-05
SVD,6,6,2,1.9189610166320937e-16
SVD,6,6,4,2.5306086221376986e-07
SVD,6,6,6,0.004504376320232358
SVD,6,6,8,0.01990707541969875
SVD,6,6,10,0.02235375884421102
SVD,6,7,2,1.5965115761315554e-14
SVD,6,7,4,0.019836228701408033
SVD,6,7,6,0.022887022348551354
SVD,6,7,8,0.0237834822647935
SVD,6,7,10,0.023966384710268074
SVD,6,8,2,1.7305339197399604e-05
SVD,6,8,4,0.027222504336818235
SVD,6,8,6,0.029000303677135235
SVD,6,8,8,0.028892290407837178
SVD,6,8,10,0.03051664127130497
SVD,6,9,2,0.005530956250018691
SVD,6,9,4,0.03376561751829044
SVD,6,9,6,0.03341110145543909
SVD,6,9,8,0.03327559957894815
SVD,6,9,10,0.042491388886501426
SVD,6,10,2,0.012324629449781464
SVD,6,10,4,0.0371629393342292
SVD,6,10,6,0.03807913459191433
SVD,6,10,8,0.040159252472763335
SVD,6,10,10,0.04502126687626523
SVD,7,2,2,1.7117770623021714e-10
SVD,7,2,4,0.012271395672524553
SVD,7,2,6,8.89362867042713e-09
SVD,7,2,8,1.5666593099043707e-17
SVD,7,2,10,6.697163718436372e-19
SVD,7,3,2,0.0279643870343536
SVD,7,3,4,0.0005453567897217204
SVD,7,3,6,1.0849353414791069e-10
SVD,7,3,8,4.841697874812448e-14
SVD,7,3,10,6.901732548209641e-18
SVD,7,4,2,0.0033740081892691784
SVD,7,4,4,6.644201336563042e-17
SVD,7,4,6,2.3643221903124366e-25
SVD,7,4,8,3.1243145840169246e-30
SVD,7,4,10,1.5460091216281358e-28
SVD,7,5,2,6.223828464005007e-12
SVD,7,5,4,2.9484682389958e-26
SVD,7,5,6,1.1844751423302452e-17
SVD,7,5,8,1.0154065572920343e-09
SVD,7,5,10,7.924522217451276e-06
SVD,7,6,2,5.167074845726144e-19
SVD,7,6,4,5.7865379138796505e-09
SVD,7,6,6,0.0031234780118534456
SVD,7,6,8,0.031350199798559616
SVD,7,6,10,0.04431579703662429
SVD,7,7,2,3.3938520529430557e-16
SVD,7,7,4,0.022057145699859292
SVD,7,7,6,0.0466255831413112
SVD,7,7,8,0.04929953130898518
SVD,7,7,10,0.04964027594011154
SVD,7,8,2,1.687185883893657e-06
SVD,7,8,4,0.05017829569922106
SVD,7,8,6,0.05797434982390034
SVD,7,8,8,0.05775856842744986
SVD,7,8,10,0.06065982382082573
SVD,7,9,2,0.008026279245766686
SVD,7,9,4,0.07025419496928208
SVD,7,9,6,0.06842513855391176
SVD,7,9,8,0.06815295144402883
SVD,7,9,10,0.08486385684474228
SVD,7,10,2,0.023120799274009014
SVD,7,10,4,0.07329544052832587
SVD,7,10,6,0.07458958393430642
SVD,7,10,8,0.07837804294748667
SVD,7,10,10,0.08687006174739492
SVD,8,2,2,2.506517116312622e-10
SVD,8,2,4,0.024533329755575234
SVD,8,2,6,1.1493649781352593e-09
SVD,8,2,8,1.088263686458118e-17
SVD,8,2,10,1.947976900424057e-18
SVD,8,3,2,0.010346081484387828
SVD,8,3,4,5.018875666504623e-05
SVD,8,3,6,2.7622773238714646e-11
SVD,8,3,8,1.610811550933452e-14
SVD,8,3,10,4.609409683372902e-17
SVD,8,4,2,0.001680119902278108
SVD,8,4,4,4.708827291763991e-18
SVD,8,4,6,1.4309914338885427e-24
SVD,8,4,8,3.958102488566795e-31
SVD,8,4,10,1.2190571710751691e-30
SVD,8,5,2,1.0352361540604489e-10
SVD,8,5,4,2.085393572887175e-26
SVD,8,5,6,5.878598175307799e-20
SVD,8,5,8,7.696690716055305e-12
SVD,8,5,10,6.353917445787958e-07
SVD,8,6,2,7.300699599537168e-20
SVD,8,6,4,1.5937910720905109e-10
SVD,8,6,6,0.0004286782365914312
SVD,8,6,8,0.014266426256597955
SVD,8,6,10,0.01766622525889167
SVD,8,7,2,8.77371044054403e-16
SVD,8,7,4,0.01261886788434294
SVD,8,7,6,0.022124468478624548
SVD,8,7,8,0.024428986399317034
SVD,8,7,10,0.025506286022993093
SVD,8,8,2,1.1767810548344213e-06
SVD,8,8,4,0.027737947907403596
SVD,8,8,6,0.03047402455673302
SVD,8,8,8,0.030323813298274518
SVD,8,8,10,0.032005038570612016
SVD,8,9,2,0.002792056593074834
SVD,8,9,4,0.035773474762542216
SVD,8,9,6,0.0356585167657039
SVD,8,9,8,0.03548667068841237
SVD,8,9,10,0.04506916015075299
SVD,8,10,2,0.012228418271099148
SVD,8,10,4,0.0391851939520679
SVD,8,10,6,0.040095916721290266
SVD,8,10,8,0.04230382090475913
SVD,8,10,10,0.047232303266883414
skipgram,1,2,2,9.97629445934055e-06
skipgram,1,2,4,9.340807642416745e-07
skipgram,1,2,6,3.5808068494505965e-05
skipgram,1,2,8,3.804239949627987e-05
skipgram,1,2,10,0.000170567485467735
skipgram,1,3,2,0.0033222891395501245
skipgram,1,3,4,7.942884576733861e-05
skipgram,1,3,6,0.001437630191490103
skipgram,1,3,8,0.004137383880608023
skipgram,1,3,10,0.008681611227057564
skipgram,1,4,2,0.023913719178543773
skipgram,1,4,4,0.0018139076242171927
skipgram,1,4,6,0.0011209461014180175
skipgram,1,4,8,0.00022272639130442842
skipgram,1,4,10,5.399006452245609e-05
skipgram,1,5,2,0.021546314390394346
skipgram,1,5,4,0.0003552821857945799
skipgram,1,5,6,3.527570122967679e-05
skipgram,1,5,8,5.855441753684434e-06
skipgram,1,5,10,4.131950845256088e-06
skipgram,1,6,2,0.0018521014087350433
skipgram,1,6,4,2.454721150803412e-05
skipgram,1,6,6,7.383097111229394e-06
skipgram,1,6,8,9.713682528630473e-07
skipgram,1,6,10,1.0865407220577416e-06
skipgram,1,7,2,0.00022817573724311235
skipgram,1,7,4,7.308330478159517e-06
skipgram,1,7,6,4.330336412355419e-06
skipgram,1,7,8,9.345102792015106e-07
skipgram,1,7,10,1.6597347910102439e-06
skipgram,1,8,2,0.00023209740794636252
skipgram,1,8,4,9.026172474684536e-06
skipgram,1,8,6,3.3391140703545976e-06
skipgram,1,8,8,1.230414414584096e-06
skipgram,1,8,10,2.0369273331920616e-06
skipgram,1,9,2,0.0002038701884989585
skipgram,1,9,4,8.035238795447241e-06
skipgram,1,9,6,9.816098096762796e-06
skipgram,1,9,8,1.842367822202143e-06
skipgram,1,9,10,8.647921749209169e-07
skipgram,1,10,2,9.3299098054153e-05
skipgram,1,10,4,8.172114470182311e-06
skipgram,1,10,6,7.689542909674366e-06
skipgram,1,10,8,2.018783482500726e-06
skipgram,1,10,10,1.092531463996403e-06
skipgram,2,2,2,0.01246843809664903
skipgram,2,2,4,6.953833755747527e-09
skipgram,2,2,6,6.000607466370827e-12
skipgram,2,2,8,4.428512194355775e-14
skipgram,2,2,10,1.1834843259884652e-14
skipgram,2,3,2,5.014162748883907e-06
skipgram,2,3,4,4.570629485504714e-12
skipgram,2,3,6,5.2303306854948914e-14
skipgram,2,3,8,4.746739143007465e-14
skipgram,2,3,10,4.0068065905443283e-14
skipgram,2,4,2,1.1114614966809336e-10
skipgram,2,4,4,7.190328346347995e-15
skipgram,2,4,6,4.823864538833549e-15
skipgram,2,4,8,2.041707578943272e-14
skipgram,2,4,10,5.778235683590901e-14
skipgram,2,5,2,1.484800244772784e-12
skipgram,2,5,4,1.4617617323727822e-15
skipgram,2,5,6,2.7852675954707705e-15
skipgram,2,5,8,3.9845734648018493e-14
skipgram,2,5,10,4.8667194666371856e-14
skipgram,2,6,2,6.196685696297793e-14
skipgram,2,6,4,1.1625269481491246e-15
skipgram,2,6,6,2.7691427719081577e-15
skipgram,2,6,8,3.2875631860646066e-14
skipgram,2,6,10,3.380595319241181e-14
skipgram,2,7,2,4.941608582354355e-16
skipgram,2,7,4,1.4790014699993341e-15
skipgram,2,7,6,6.247069934895576e-15
skipgram,2,7,8,2.8829657681208876e-14
skipgram,2,7,10,2.8112784239491232e-14
skipgram,2,8,2,9.320384272360893e-16
skipgram,2,8,4,2.3668896507033856e-15
skipgram,2,8,6,1.1181528877536837e-14
skipgram,2,8,8,2.1598141592935322e-14
skipgram,2,8,10,3.083038825725242e-14
skipgram,2,9,2,2.994799505845888e-15
skipgram,2,9,4,5.798106071904187e-15
skipgram,2,9,6,1.8763648818575683e-14
skipgram,2,9,8,2.2338774452014884e-14
skipgram,2,9,10,2.1356673414609097e-14
skipgram,2,10,2,4.580199657483623e-15
skipgram,2,10,4,8.292048073334214e-15
skipgram,2,10,6,1.611287734626786e-14
skipgram,2,10,8,2.1177316907944317e-14
skipgram,2,10,10,2.227611259878585e-14
skipgram,3,2,2,0.036499824266851465
skipgram,3,2,4,1.4986198167921378e-05
skipgram,3,2,6,2.100850848098195e-06
skipgram,3,2,8,1.271465146227898e-06
skipgram,3,2,10,1.4518647457826546e-06
skipgram,3,3,2,0.004734833411939137
skipgram,3,3,4,0.0001035410356887819
skipgram,3,3,6,5.291804046716497e-05
skipgram,3,3,8,0.0002035787215615406
skipgram,3,3,10,0.0002001115143182502
skipgram,3,4,2,0.0001421316807549251
skipgram,3,4,4,7.44307299656949e-05
skipgram,3,4,6,4.567459901386618e-05
skipgram,3,4,8,0.00011853614842932478
skipgram,3,4,10,0.00011057149896081503
skipgram,3,5,2,2.1575803734257597e-05
skipgram,3,5,4,2.4468554215860203e-05
skipgram,3,5,6,6.003311872295441e-05
skipgram,3,5,8,6.93022314700609e-05
skipgram,3,5,10,4.689760351859618e-05
skipgram,3,6,2,1.6723175436074663e-05
skipgram,3,6,4,3.083890045043785e-05
skipgram,3,6,6,4.050411680514593e-05
skipgram,3,6,8,4.3725929599208685e-05
skipgram,3,6,10,4.018833474699519e-05
skipgram,3,7,2,1.6887754925951148e-05
skipgram,3,7,4,3.852308929041101e-05
skipgram,3,7,6,3.5498755175576306e-05
skipgram,3,7,8,2.917072568591555e-05
skipgram,3,7,10,2.4705248322341817e-05
skipgram,3,8,2,9.882067472332705e-06
skipgram,3,8,4,2.8939535747752556e-05
skipgram,3,8,6,2.9827433546370758e-05
skipgram,3,8,8,2.510458588276592e-05
skipgram,3,8,10,2.384787164630694e-05
skipgram,3,9,2,5.977007038093257e-06
skipgram,3,9,4,2.9874875018742948e-05
skipgram,3,9,6,2.3392221666968132e-05
skipgram,3,9,8,2.1304265464704307e-05
skipgram,3,9,10,2.175622726648697e-05
skipgram,3,10,2,1.4691686252869371e-05
skipgram,3,10,4,2.4234018499492803e-05
skipgram,3,10,6,2.05930005936418e-05
skipgram,3,10,8,1.9711696600246922e-05
skipgram,3,10,10,1.9616021566609067e-05
skipgram,4,2,2,0.0006137427882316076
skipgram,4,2,4,0.003141126183060627
skipgram,4,2,6,0.004160271905784902
skipgram,4,2,8,0.009212088679474848
skipgram,4,2,10,0.007920008263225422
skipgram,4,3,2,0.016581280111313317
skipgram,4,3,4,0.05825012661732756
skipgram,4,3,6,0.10611007568038033
skipgram,4,3,8,0.2507851603980792
skipgram,4,3,10,0.24574498130779987
skipgram,4,4,2,0.06641423879136645
skipgram,4,4,4,0.13422083982416969
skipgram,4,4,6,0.21165308853388354
skipgram,4,4,8,0.2560484913786544
skipgram,4,4,10,0.2492953214539566
skipgram,4,5,2,0.09576588150162259
skipgram,4,5,4,0.18576632980088392
skipgram,4,5,6,0.23445178701996183
skipgram,4,5,8,0.22852542167073964
skipgram,4,5,10,0.21578426514229476
skipgram,4,6,2,0.10519059016113455
skipgram,4,6,4,0.21152078322345103
skipgram,4,6,6,0.21086015343663145
skipgram,4,6,8,0.19770758013789413
skipgram,4,6,10,0.18794096695714801
skipgram,4,7,2,0.09163305804308451
skipgram,4,7,4,0.19947642666055898
skipgram,4,7,6,0.16937168368973166
skipgram,4,7,8,0.17027183375210664
skipgram,4,7,10,0.16993385827691998
skipgram,4,8,2,0.12959509054525645
skipgram,4,8,4,0.17196927020380848
skipgram,4,8,6,0.1602422464024087
skipgram,4,8,8,0.15756664878481152
skipgram,4,8,10,0.1573540721236124
skipgram,4,9,2,0.13069711194118733
skipgram,4,9,4,0.15852593721438846
skipgram,4,9,6,0.15294001230062665
skipgram,4,9,8,0.15118039014525161
skipgram,4,9,10,0.15118039014525161
skipgram,4,10,2,0.13565152506263328
skipgram,4,10,4,0.1479100641386939
skipgram,4,10,6,0.14182610719665434
skipgram,4,10,8,0.14084734437793117
skipgram,4,10,10,0.14084734437793117
skipgram,5,2,2,1.0097000376224347e-08
skipgram,5,2,4,3.8927884304091736e-08
skipgram,5,2,6,1.3634668526499113e-07
skipgram,5,2,8,1.593188253086302e-07
skipgram,5,2,10,1.6279201150681733e-07
skipgram,5,3,2,2.1126842182671906e-07
skipgram,5,3,4,9.937428785154696e-06
skipgram,5,3,6,6.846347542139858e-05
skipgram,5,3,8,0.00018598554530761756
skipgram,5,3,10,0.0001695835856510815
skipgram,5,4,2,1.506730979674904e-06
skipgram,5,4,4,6.541279153970534e-05
skipgram,5,4,6,0.0001052839655514661
skipgram,5,4,8,0.00021957821144077952
skipgram,5,4,10,0.0001695835856510815
skipgram,5,5,2,4.359322913760022e-06
skipgram,5,5,4,0.0001426408803110596
skipgram,5,5,6,0.00017811971369448927
skipgram,5,5,8,0.0001822750404714626
skipgram,5,5,10,0.00016119931852096394
skipgram,5,6,2,2.022569811086086e-05
skipgram,5,6,4,0.00018598554530761756
skipgram,5,6,6,0.0001509919718577441
skipgram,5,6,8,0.00013812391975539498
skipgram,5,6,10,0.00013731726862932286
skipgram,5,7,2,6.411727146983252e-05
skipgram,5,7,4,0.00015209531886778714
skipgram,5,7,6,0.00012481543295609103
skipgram,5,7,8,0.000122808924481064
skipgram,5,7,10,0.00012118989439538646
skipgram,5,8,2,7.895456278800763e-05
skipgram,5,8,4,0.00012353501944203024
skipgram,5,8,6,0.00011222260598377763
skipgram,5,8,8,0.00011057149896081503
skipgram,5,8,10,0.00010991749503022811
skipgram,5,9,2,6.237661181747789e-05
skipgram,5,9,4,0.0001166249973287405
skipgram,5,9,6,0.00010512752439806623
skipgram,5,9,8,0.0001028070730598643
skipgram,5,9,10,0.00010204439219717804
skipgram,5,10,2,9.288097120907844e-05
skipgram,5,10,4,0.00010403856303990846
skipgram,5,10,6,9.541653204884474e-05
skipgram,5,10,8,9.3299098054153e-05
skipgram,5,10,10,9.302014979021261e-05
skipgram,6,2,2,3.794015141916585e-11
skipgram,6,2,4,1.0067224229501979e-11
skipgram,6,2,6,7.41361371861927e-11
skipgram,6,2,8,1.3504938292906572e-10
skipgram,6,2,10,2.98726457318496e-10
skipgram,6,3,2,8.666782447856074e-11
skipgram,6,3,4,1.0920833248096316e-08
skipgram,6,3,6,2.412353255819204e-07
skipgram,6,3,8,8.600087617975186e-07
skipgram,6,3,10,1.0340278969459318e-06
skipgram,6,4,2,2.447913332716549e-10
skipgram,6,4,4,1.4294011910550498e-07
skipgram,6,4,6,5.196108159475981e-07
skipgram,6,4,8,7.595839706376744e-07
skipgram,6,4,10,5.69755514456051e-07
skipgram,6,5,2,5.864018702344232e-09
skipgram,6,5,4,2.8421261289733466e-07
skipgram,6,5,6,5.032296013262048e-07
skipgram,6,5,8,4.1807821304988947e-07
skipgram,6,5,10,3.9491749562876003e-07
skipgram,6,6,2,4.697547900130155e-08
skipgram,6,6,4,4.4760357714750895e-07
skipgram,6,6,6,3.889535129438319e-07
skipgram,6,6,8,3.3453984228134457e-07
skipgram,6,6,10,3.1105934129437913e-07
skipgram,6,7,2,1.2679210885926856e-07
skipgram,6,7,4,3.8453766025778104e-07
skipgram,6,7,6,2.787964543683778e-07
skipgram,6,7,8,2.616212594158553e-07
skipgram,6,7,10,2.571174021286825e-07
skipgram,6,8,2,2.0737287515470393e-07
skipgram,6,8,4,2.814919536968473e-07
skipgram,6,8,6,2.445229770537547e-07
skipgram,6,8,8,2.4405067638914767e-07
skipgram,6,8,10,2.421702714816821e-07
skipgram,6,9,2,1.467049121626448e-07
skipgram,6,9,4,2.4785389325087197e-07
skipgram,6,9,6,2.3524262996530343e-07
skipgram,6,9,8,2.325255251424186e-07
skipgram,6,9,10,2.3073099401322518e-07
skipgram,6,10,2,9.02695134725211e-08
skipgram,6,10,4,2.1981463679628947e-07
skipgram,6,10,6,2.0899157033611832e-07
skipgram,6,10,8,2.045692683756377e-07
skipgram,6,10,10,2.041717556934492e-07
skipgram,7,2,2,6.463481937307476e-14
skipgram,7,2,4,6.128672367788424e-14
skipgram,7,2,6,3.264484121114817e-13
skipgram,7,2,8,7.499882068759518e-13
skipgram,7,2,10,1.5640757142715291e-12
skipgram,7,3,2,5.071371441741587e-13
skipgram,7,3,4,2.1769959314604507e-10
skipgram,7,3,6,6.598425846319832e-09
skipgram,7,3,8,1.0047816536497293e-08
skipgram,7,3,10,7.525022346665374e-09
skipgram,7,4,2,1.1284662376397143e-12
skipgram,7,4,4,1.037026590082743e-09
skipgram,7,4,6,6.513523900445221e-09
skipgram,7,4,8,5.419056601765902e-09
skipgram,7,4,10,4.455488572591839e-09
skipgram,7,5,2,5.209812909889597e-11
skipgram,7,5,4,2.4177749479323458e-09
skipgram,7,5,6,4.798107002502668e-09
skipgram,7,5,8,4.3784009322231326e-09
skipgram,7,5,10,3.798376929183521e-09
skipgram,7,6,2,4.020123474257497e-10
skipgram,7,6,4,3.724209466815899e-09
skipgram,7,6,6,3.3518439180349824e-09
skipgram,7,6,8,3.1377978101640473e-09
skipgram,7,6,10,2.7307310234986643e-09
skipgram,7,7,2,5.163721116307855e-10
skipgram,7,7,4,3.873981368057705e-09
skipgram,7,7,6,2.7855647945235374e-09
skipgram,7,7,8,2.5050218845252514e-09
skipgram,7,7,10,2.4939505879738587e-09
skipgram,7,8,2,1.3316938693497695e-09
skipgram,7,8,4,2.7671687893245668e-09
skipgram,7,8,6,2.2975223328418137e-09
skipgram,7,8,8,2.2975223328418137e-09
skipgram,7,8,10,2.282273289475177e-09
skipgram,7,9,2,1.1897630413017225e-09
skipgram,7,9,4,2.338673265961357e-09
skipgram,7,9,6,2.242089554445796e-09
skipgram,7,9,8,2.154179626856092e-09
skipgram,7,9,10,2.1303621356336577e-09
skipgram,7,10,2,1.790397740903948e-09
skipgram,7,10,4,2.139858187887161e-09
skipgram,7,10,6,1.9619122017664365e-09
skipgram,7,10,8,1.918659528665505e-09
skipgram,7,10,10,1.914385712058468e-09
skipgram,8,2,2,3.3685525117681863e-12
skipgram,8,2,4,2.3744629457119663e-10
skipgram,8,2,6,1.00240802889306e-09
skipgram,8,2,8,3.9337955675150234e-09
skipgram,8,2,10,2.6710372370380404e-09
skipgram,8,3,2,7.225278855963179e-10
skipgram,8,3,4,6.945826096300773e-07
skipgram,8,3,6,3.3803528945107264e-06
skipgram,8,3,8,9.148343058661109e-06
skipgram,8,3,10,8.552900583465063e-06
skipgram,8,4,2,1.2450860320515665e-09
skipgram,8,4,4,3.3100194198108476e-06
skipgram,8,4,6,7.940732760886955e-06
skipgram,8,4,8,1.2518403542667807e-05
skipgram,8,4,10,1.2580758426169244e-05
skipgram,8,5,2,8.691405499206435e-08
skipgram,8,5,4,5.5427280029126035e-06
skipgram,8,5,6,1.3396687615973761e-05
skipgram,8,5,8,1.227192055016876e-05
skipgram,8,5,10,1.1407184938091933e-05
skipgram,8,6,2,7.129150043244024e-07
skipgram,8,6,4,1.6000381511258812e-05
skipgram,8,6,6,1.207006265133647e-05
skipgram,8,6,8,9.83255089268082e-06
skipgram,8,6,10,9.73422780060171e-06
skipgram,8,7,2,4.34538918087884e-06
skipgram,8,7,4,1.0851282436423038e-05
skipgram,8,7,6,8.7864919533788e-06
skipgram,8,7,8,8.65435705971492e-06
skipgram,8,7,10,8.610735668477287e-06
skipgram,8,8,2,8.144562261222915e-06
skipgram,8,8,4,8.008127917793347e-06
skipgram,8,8,6,8.117098860797104e-06
skipgram,8,8,8,8.048827114526236e-06
skipgram,8,8,10,8.008127917793347e-06
skipgram,8,9,2,4.921941195004453e-06
skipgram,8,9,4,7.834027033158858e-06
skipgram,8,9,6,7.445960835919522e-06
skipgram,8,9,8,7.40818145640077e-06
skipgram,8,9,10,7.345622828372459e-06
skipgram,8,10,2,6.216791338987439e-06
skipgram,8,10,4,6.6558902313964266e-06
skipgram,8,10,6,7.004524487734504e-06
skipgram,8,10,8,6.828079241902505e-06
skipgram,8,10,10,6.8164686507342195e-06
cbow,1,2,2,0.04214356204037984
cbow,1,2,4,0.008145326241793593
cbow,1,2,6,0.0009104349810529725
cbow,1,2,8,0.0017861222546154683
cbow,1,2,10,0.002615132835281107
cbow,1,3,2,0.45532169838899783
cbow,1,3,4,0.17928399095120162
cbow,1,3,6,0.05612112999291063
cbow,1,3,8,0.05157808264423489
cbow,1,3,10,0.145994045790754
cbow,1,4,2,0.6998780373057991
cbow,1,4,4,0.37790970951274483
cbow,1,4,6,0.1671369282223587
cbow,1,4,8,0.21915791721848654
cbow,1,4,10,0.19074693409856658
cbow,1,5,2,0.3806528768945099
cbow,1,5,4,0.7237086312108711
cbow,1,5,6,0.22092710936338744
cbow,1,5,8,0.20653740149060706
cbow,1,5,10,0.185886652794635
cbow,1,6,2,0.41472372044889305
cbow,1,6,4,0.5423126325209591
cbow,1,6,6,0.22353123363376548
cbow,1,6,8,0.2062774998612139
cbow,1,6,10,0.17911981202060656
cbow,1,7,2,0.4657284505033946
cbow,1,7,4,0.6167870252776814
cbow,1,7,6,0.21793906598795476
cbow,1,7,8,0.1771375345420131
cbow,1,7,10,0.17231027175406988
cbow,1,8,2,0.5930502713692152
cbow,1,8,4,0.48905255569816974
cbow,1,8,6,0.1832528328121915
cbow,1,8,8,0.16569626440771612
cbow,1,8,10,0.15724786532955992
cbow,1,9,2,0.8803537804009336
cbow,1,9,4,0.2635453105479504
cbow,1,9,6,0.1785350844440683
cbow,1,9,8,0.15138660034762064
cbow,1,9,10,0.14589373142496717
cbow,1,10,2,0.8957895469786405
cbow,1,10,4,0.22713024416674632
cbow,1,10,6,0.1669146770480502
cbow,1,10,8,0.15304400267124554
cbow,1,10,10,0.1498452369896998
cbow,2,2,2,0.00031794194058840986
cbow,2,2,4,1.0819321701850653e-16
cbow,2,2,6,3.8402576905522546e-21
cbow,2,2,8,2.5360528957871416e-22
cbow,2,2,10,2.4159393694072647e-21
cbow,2,3,2,4.095319639167269e-12
cbow,2,3,4,6.780043873717375e-19
cbow,2,3,6,6.183662004629693e-19
cbow,2,3,8,8.119752610570569e-20
cbow,2,3,10,2.318920640724963e-20
cbow,2,4,2,6.170086644117843e-19
cbow,2,4,4,7.873003192214226e-21
cbow,2,4,6,1.0831283949905681e-20
cbow,2,4,8,1.0757599998077915e-20
cbow,2,4,10,1.0757599998077915e-20
cbow,2,5,2,2.3260165491728488e-21
cbow,2,5,4,6.437732863632381e-21
cbow,2,5,6,6.39368597694789e-21
cbow,2,5,8,6.39368597694789e-21
cbow,2,5,10,6.39368597694789e-21
cbow,2,6,2,5.344103129818829e-21
cbow,2,6,4,5.061058368726891e-21
cbow,2,6,6,5.061058368726891e-21
cbow,2,6,8,5.061058368726891e-21
cbow,2,6,10,5.061058368726891e-21
cbow,2,7,2,2.13813638635663e-22
cbow,2,7,4,3.0897487626096215e-21
cbow,2,7,6,3.0897487626096215e-21
cbow,2,7,8,3.0897487626096215e-21
cbow,2,7,10,3.0897487626096215e-21
cbow,2,8,2,1.032202920018737e-21
cbow,2,8,4,1.8552859641107913e-21
cbow,2,8,6,1.8552859641107913e-21
cbow,2,8,8,1.8552859641107913e-21
cbow,2,8,10,1.8552859641107913e-21
cbow,2,9,2,1.6654904274180496e-21
cbow,2,9,4,1.3652841600654008e-21
cbow,2,9,6,1.3652841600654008e-21
cbow,2,9,8,1.3652841600654008e-21
cbow,2,9,10,1.3652841600654008e-21
cbow,2,10,2,7.397176140157243e-22
cbow,2,10,4,1.1305204608421831e-21
cbow,2,10,6,1.1305204608421831e-21
cbow,2,10,8,1.1305204608421831e-21
cbow,2,10,10,1.1305204608421831e-21
cbow,3,2,2,0.0001337798001230921
cbow,3,2,4,9.180000961544924e-11
cbow,3,2,6,7.709175542510669e-12
cbow,3,2,8,5.079732961174262e-12
cbow,3,2,10,4.827207968569184e-12
cbow,3,3,2,2.991846131899225e-08
cbow,3,3,4,1.1788435831764847e-08
cbow,3,3,6,1.8397022911785515e-08
cbow,3,3,8,1.8397022911785515e-08
cbow,3,3,10,1.8397022911785515e-08
cbow,3,4,2,7.754646971883453e-10
cbow,3,4,4,5.8018233323359243e-08
cbow,3,4,6,4.9392783963682815e-08
cbow,3,4,8,4.9392783963682815e-08
cbow,3,4,10,4.9392783963682815e-08
cbow,3,5,2,1.1419087037571085e-08
cbow,3,5,4,5.3468926991995744e-08
cbow,3,5,6,5.0923567436842477e-08
cbow,3,5,8,5.0923567436842477e-08
cbow,3,5,10,5.0923567436842477e-08
cbow,3,6,2,2.224085505656806e-08
cbow,3,6,4,4.5711738112928386e-08
cbow,3,6,6,4.5063297625902254e-08
cbow,3,6,8,4.5063297625902254e-08
cbow,3,6,10,4.5063297625902254e-08
cbow,3,7,2,1.8826086672463504e-08
cbow,3,7,4,3.905048025617439e-08
cbow,3,7,6,3.857293115111835e-08
cbow,3,7,8,3.857293115111835e-08
cbow,3,7,10,3.857293115111835e-08
cbow,3,8,2,2.1657121560966246e-08
cbow,3,8,4,2.908880044307831e-08
cbow,3,8,6,2.896869800861232e-08
cbow,3,8,8,2.896869800861232e-08
cbow,3,8,10,2.896869800861232e-08
cbow,3,9,2,1.910416945379444e-08
cbow,3,9,4,2.243873764200106e-08
cbow,3,9,6,2.229884371159083e-08
cbow,3,9,8,2.229884371159083e-08
cbow,3,9,10,2.229884371159083e-08
cbow,3,10,2,1.8205147309896613e-08
cbow,3,10,4,1.963122744304274e-08
cbow,3,10,6,1.9590188294456753e-08
cbow,3,10,8,1.9590188294456753e-08
cbow,3,10,10,1.9590188294456753e-08
cbow,4,2,2,3.2108424336868553e-25
cbow,4,2,4,2.9098370779543668e-24
cbow,4,2,6,2.6520999774764034e-24
cbow,4,2,8,1.9543645821655955e-24
cbow,4,2,10,1.9398543746468e-24
cbow,4,3,2,2.9116953968868887e-23
cbow,4,3,4,7.104573827114713e-21
cbow,4,3,6,7.460775744382676e-21
cbow,4,3,8,7.460775744382676e-21
cbow,4,3,10,7.460775744382676e-21
cbow,4,4,2,1.0779685813411427e-20
cbow,4,4,4,3.6601301122849964e-20
cbow,4,4,6,2.7091243497199185e-20
cbow,4,4,8,2.7091243497199185e-20
cbow,4,4,10,2.7091243497199185e-20
cbow,4,5,2,1.2103719291985052e-20
cbow,4,5,4,3.3733961919362577e-20
cbow,4,5,6,3.3394654982972793e-20
cbow,4,5,8,3.3394654982972793e-20
cbow,4,5,10,3.3394654982972793e-20
cbow,4,6,2,6.194262187873051e-21
cbow,4,6,4,3.430706311115536e-20
cbow,4,6,6,3.3847819862646306e-20
cbow,4,6,8,3.3733961919362577e-20
cbow,4,6,10,3.3733961919362577e-20
cbow,4,7,2,8.497685557390207e-21
cbow,4,7,4,3.430706311115536e-20
cbow,4,7,6,3.3962057698900037e-20
cbow,4,7,8,3.3962057698900037e-20
cbow,4,7,10,3.3962057698900037e-20
cbow,4,8,2,1.774231839297308e-20
cbow,4,8,4,3.164120420264838e-20
cbow,4,8,6,3.090298958998699e-20
cbow,4,8,8,3.069521654421622e-20
cbow,4,8,10,3.069521654421622e-20
cbow,4,9,2,2.927897339794318e-20
cbow,4,9,4,2.830711624272361e-20
cbow,4,9,6,2.7739383138500665e-20
cbow,4,9,8,2.745975293110502e-20
cbow,4,9,10,2.745975293110502e-20
cbow,4,10,2,5.477781530580675e-21
cbow,4,10,4,2.4980661333898628e-20
cbow,4,10,6,2.4896340784537755e-20
cbow,4,10,8,2.4728542974302414e-20
cbow,4,10,10,2.4728542974302414e-20
cbow,5,2,2,7.533849459454552e-26
cbow,5,2,4,1.0225523579181758e-21
cbow,5,2,6,2.426052445252403e-20
cbow,5,2,8,1.8354738036627487e-20
cbow,5,2,10,1.829256729525513e-20
cbow,5,3,2,6.385082120428983e-18
cbow,5,3,4,3.3234208830522194e-16
cbow,5,3,6,8.257286718484541e-16
cbow,5,3,8,8.257286718484541e-16
cbow,5,3,10,8.257286718484541e-16
cbow,5,4,2,1.342210270205924e-16
cbow,5,4,4,4.6235210295441225e-15
cbow,5,4,6,3.2762735063536033e-15
cbow,5,4,8,3.2762735063536033e-15
cbow,5,4,10,3.2762735063536033e-15
cbow,5,5,2,2.821458786212996e-15
cbow,5,5,4,5.094912193365107e-15
cbow,5,5,6,4.646641863048619e-15
cbow,5,5,8,4.646641863048619e-15
cbow,5,5,10,4.646641863048619e-15
cbow,5,6,2,7.44109133421871e-15
cbow,5,6,4,5.31943846891374e-15
cbow,5,6,6,4.823864538833549e-15
cbow,5,6,8,4.741257639822612e-15
cbow,5,6,10,4.741257639822612e-15
cbow,5,7,2,2.994799505845888e-15
cbow,5,7,4,3.678232506178603e-15
cbow,5,7,6,3.6045438929708976e-15
cbow,5,7,8,3.573409798130856e-15
cbow,5,7,10,3.573409798130856e-15
cbow,5,8,2,3.0650715865449885e-15
cbow,5,8,4,3.3144394242821918e-15
cbow,5,8,6,3.1278897847165024e-15
cbow,5,8,8,3.1008139724659998e-15
cbow,5,8,10,3.1008139724659998e-15
cbow,5,9,2,2.9261143769383225e-15
cbow,5,9,4,2.729231784749272e-15
cbow,5,9,6,2.6977112942703273e-15
cbow,5,9,8,2.6743064340211275e-15
cbow,5,9,10,2.6743064340211275e-15
cbow,5,10,2,2.3807053081937152e-15
cbow,5,10,4,2.689887349991877e-15
cbow,5,10,6,2.6665493369041907e-15
cbow,5,10,8,2.635741899011545e-15
cbow,5,10,10,2.635741899011545e-15
cbow,6,2,2,1.3904464147183208e-26
cbow,6,2,4,4.392639032559737e-21
cbow,6,2,6,4.9548646546617174e-21
cbow,6,2,8,1.6861379018862136e-20
cbow,6,2,10,1.6861379018862136e-20
cbow,6,3,2,1.5213144442734002e-18
cbow,6,3,4,1.7354586215102664e-15
cbow,6,3,6,2.2657586419214465e-15
cbow,6,3,8,2.2135745967487553e-15
cbow,6,3,10,2.2135745967487553e-15
cbow,6,4,2,2.8626537044735973e-15
cbow,6,4,4,1.156686384170298e-14
cbow,6,4,6,9.400389245848409e-15
cbow,6,4,8,9.320398058766148e-15
cbow,6,4,10,9.320398058766148e-15
cbow,6,5,2,9.922574084777248e-15
cbow,6,5,4,1.509909801621206e-14
cbow,6,5,6,1.3675635400165951e-14
cbow,6,5,8,1.3675635400165951e-14
cbow,6,5,10,1.3675635400165951e-14
cbow,6,6,2,1.8488512706624347e-14
cbow,6,6,4,1.5056474220912676e-14
cbow,6,6,6,1.3753293260477098e-14
cbow,6,6,8,1.3636968423643937e-14
cbow,6,6,10,1.3636968423643937e-14
cbow,6,7,2,1.2279490842972894e-14
cbow,6,7,4,1.1734504074987577e-14
cbow,6,7,6,1.1373704417349338e-14
cbow,6,7,8,1.1373704417349338e-14
cbow,6,7,10,1.1373704417349338e-14
cbow,6,8,2,1.557586676692371e-14
cbow,6,8,4,1.0180311044272721e-14
cbow,6,8,6,9.589672045001191e-15
cbow,6,8,8,9.454091643656218e-15
cbow,6,8,10,9.454091643656218e-15
cbow,6,9,2,8.411213126427435e-15
cbow,6,9,4,9.188565463774503e-15
cbow,6,9,6,8.556437470797947e-15
cbow,6,9,8,8.411213126427435e-15
cbow,6,9,10,8.411213126427435e-15
cbow,6,10,2,6.484213058220412e-15
cbow,6,10,4,1.0151390767197695e-14
cbow,6,10,6,9.110348568288908e-15
cbow,6,10,8,8.981440703296745e-15
cbow,6,10,10,8.981440703296745e-15
cbow,7,2,2,1.792142208259867e-23
cbow,7,2,4,7.428000753326501e-21
cbow,7,2,6,2.5178937028191815e-20
cbow,7,2,8,2.1597896350321036e-20
cbow,7,2,10,2.1597896350321036e-20
cbow,7,3,2,1.2555717982501e-16
cbow,7,3,4,1.8614102783577166e-15
cbow,7,3,6,2.2591699663835035e-15
cbow,7,3,8,2.2135745967487553e-15
cbow,7,3,10,2.2135745967487553e-15
cbow,7,4,2,1.041955302714124e-15
cbow,7,4,4,1.2001140593000386e-14
cbow,7,4,6,9.293883480882245e-15
cbow,7,4,8,9.293883480882245e-15
cbow,7,4,10,9.293883480882245e-15
cbow,7,5,2,3.957426505291097e-15
cbow,7,5,4,1.0930257431415521e-14
cbow,7,5,6,9.671936833221621e-15
cbow,7,5,8,9.671936833221621e-15
cbow,7,5,10,9.671936833221621e-15
cbow,7,6,2,9.589681059981639e-15
cbow,7,6,4,1.0745458216383982e-14
cbow,7,6,6,9.617016840713321e-15
cbow,7,6,8,9.617016840713321e-15
cbow,7,6,10,9.617016840713321e-15
cbow,7,7,2,8.803980536209598e-15
cbow,7,7,4,9.810590740614716e-15
cbow,7,7,6,8.981440703296745e-15
cbow,7,7,8,8.879608324561595e-15
cbow,7,7,10,8.879608324561595e-15
cbow,7,8,2,8.930381669689768e-15
cbow,7,8,4,9.644438366218587e-15
cbow,7,8,6,8.778912419998683e-15
cbow,7,8,8,8.728986741898177e-15
cbow,7,8,10,8.728986741898177e-15
cbow,7,9,2,1.0776043145098236e-14
cbow,7,9,4,9.810590740614716e-15
cbow,7,9,6,8.43524759426312e-15
cbow,7,9,8,8.363346204102964e-15
cbow,7,9,10,8.363346204102964e-15
cbow,7,10,2,4.0460887344124285e-15
cbow,7,10,4,9.535211798998194e-15
cbow,7,10,6,8.629972200538267e-15
cbow,7,10,8,8.556437470797947e-15
cbow,7,10,10,8.556437470797947e-15
cbow,8,2,2,1.4797442273213908e-24
cbow,8,2,4,5.1889939228706933e-20
cbow,8,2,6,3.5990958698356356e-20
cbow,8,2,8,2.3584859127703928e-20
cbow,8,2,10,2.2569769384070246e-20
cbow,8,3,2,7.690299988995595e-17
cbow,8,3,4,3.7032907832762065e-15
cbow,8,3,6,3.841167151089799e-15
cbow,8,3,8,3.841167151089799e-15
cbow,8,3,10,3.841167151089799e-15
cbow,8,4,2,2.4474156255628537e-15
cbow,8,4,4,2.9529913937831643e-14
cbow,8,4,6,2.1058569928790273e-14
cbow,8,4,8,2.1058569928790273e-14
cbow,8,4,10,2.1058569928790273e-14
cbow,8,5,2,8.508835849896014e-15
cbow,8,5,4,3.1089888609126595e-14
cbow,8,5,6,2.718416346207814e-14
cbow,8,5,8,2.718416346207814e-14
cbow,8,5,10,2.718416346207814e-14
cbow,8,6,2,1.9558637465612685e-14
cbow,8,6,4,3.0148756639171714e-14
cbow,8,6,6,2.874912558174335e-14
cbow,8,6,8,2.8668814744466746e-14
cbow,8,6,10,2.8668814744466746e-14
cbow,8,7,2,9.589672045001191e-15
cbow,8,7,4,2.8429203839356457e-14
cbow,8,7,6,2.6285729083939622e-14
cbow,8,7,8,2.6212191667334642e-14
cbow,8,7,10,2.6212191667334642e-14
cbow,8,8,2,9.699512454000735e-15
cbow,8,8,4,2.7336810804328903e-14
cbow,8,8,6,2.389577290817455e-14
cbow,8,8,8,2.389577290817455e-14
cbow,8,8,10,2.389577290817455e-14
cbow,8,9,2,1.680981222780368e-14
cbow,8,9,4,2.8034222124660027e-14
cbow,8,9,6,2.555939579794217e-14
cbow,8,9,8,2.5416516231727228e-14
cbow,8,9,10,2.5416516231727228e-14
cbow,8,10,2,2.1356673414609097e-14
cbow,8,10,4,2.9235658132924674e-14
cbow,8,10,6,2.6212191667334642e-14
cbow,8,10,8,2.5847529077056503e-14
cbow,8,10,10,2.5847529077056503e-14
