1,2,2,svd,21.544346900318846,0.9984276729559748,1.0
1,2,2,skipgram,5.994842503189409,0.9979035639412998,1.0
1,2,2,cbow,21.544346900318846,0.999475890985325,1.0
1,2,4,svd,5.994842503189409,0.9984276729559748,1.0
1,2,4,skipgram,77.42636826811278,0.9984276729559748,1.0
1,2,4,cbow,21.544346900318846,0.9989517819706499,1.0
1,2,6,svd,1000.0,0.9989517819706499,1.0
1,2,6,skipgram,1.6681005372000592,0.9952830188679245,0.9952830188679245
1,2,6,cbow,21.544346900318846,0.999475890985325,1.0
1,2,8,svd,21.544346900318846,0.9989517819706499,1.0
1,2,8,skipgram,5.994842503189409,0.9921383647798742,0.9952830188679245
1,2,8,cbow,21.544346900318846,0.9984276729559748,1.0
1,2,10,svd,77.42636826811278,0.9984276729559748,1.0
1,2,10,skipgram,1000.0,0.9858490566037735,0.9905660377358491
1,2,10,cbow,1000.0,0.999475890985325,1.0
1,3,2,svd,1000.0,1.0,1.0
1,3,2,skipgram,278.2559402207126,0.9973794549266247,0.9952830188679245
1,3,2,cbow,5.994842503189409,1.0,1.0
1,3,4,svd,1.6681005372000592,1.0,1.0
1,3,4,skipgram,21.544346900318846,0.999475890985325,1.0
1,3,4,cbow,5.994842503189409,1.0,1.0
1,3,6,svd,0.1291549665014884,1.0,1.0
1,3,6,skipgram,1000.0,0.999475890985325,0.9952830188679245
1,3,6,cbow,1.6681005372000592,0.999475890985325,1.0
1,3,8,svd,21.544346900318846,1.0,1.0
1,3,8,skipgram,77.42636826811278,0.9984276729559748,1.0
1,3,8,cbow,77.42636826811278,1.0,1.0
1,3,10,svd,1000.0,0.999475890985325,1.0
1,3,10,skipgram,21.544346900318846,0.9989517819706499,1.0
1,3,10,cbow,278.2559402207126,1.0,1.0
1,4,2,svd,278.2559402207126,1.0,1.0
1,4,2,skipgram,1000.0,0.9984276729559748,0.9952830188679245
1,4,2,cbow,0.464158883361278,1.0,1.0
1,4,4,svd,1000.0,1.0,1.0
1,4,4,skipgram,0.03593813663804628,1.0,0.9952830188679245
1,4,4,cbow,0.01,1.0,1.0
1,4,6,svd,278.2559402207126,1.0,1.0
1,4,6,skipgram,21.544346900318846,0.9989517819706499,1.0
1,4,6,cbow,0.01,0.999475890985325,1.0
1,4,8,svd,278.2559402207126,0.999475890985325,1.0
1,4,8,skipgram,1.6681005372000592,0.9989517819706499,1.0
1,4,8,cbow,0.01,1.0,1.0
1,4,10,svd,77.42636826811278,0.9979035639412998,1.0
1,4,10,skipgram,77.42636826811278,0.9979035639412998,0.9952830188679245
1,4,10,cbow,0.03593813663804628,1.0,1.0
1,5,2,svd,1000.0,0.9979035639412998,1.0
1,5,2,skipgram,0.1291549665014884,1.0,0.9952830188679245
1,5,2,cbow,0.03593813663804628,1.0,0.9952830188679245
1,5,4,svd,278.2559402207126,0.999475890985325,1.0
1,5,4,skipgram,5.994842503189409,0.9979035639412998,1.0
1,5,4,cbow,0.03593813663804628,0.999475890985325,0.9952830188679245
1,5,6,svd,278.2559402207126,0.999475890985325,1.0
1,5,6,skipgram,278.2559402207126,0.9958071278825996,1.0
1,5,6,cbow,5.994842503189409,0.9958071278825996,1.0
1,5,8,svd,278.2559402207126,1.0,1.0
1,5,8,skipgram,77.42636826811278,0.9947589098532494,0.9905660377358491
1,5,8,cbow,21.544346900318846,0.989517819706499,0.9858490566037735
1,5,10,svd,278.2559402207126,0.9989517819706499,0.9952830188679245
1,5,10,skipgram,77.42636826811278,0.9848008385744235,0.9811320754716981
1,5,10,cbow,1.6681005372000592,0.9764150943396226,0.9858490566037735
1,6,2,svd,77.42636826811278,0.999475890985325,1.0
1,6,2,skipgram,21.544346900318846,0.9989517819706499,0.9905660377358491
1,6,2,cbow,0.464158883361278,0.9984276729559748,1.0
1,6,4,svd,77.42636826811278,0.9989517819706499,1.0
1,6,4,skipgram,1000.0,0.9968553459119497,0.9905660377358491
1,6,4,cbow,21.544346900318846,0.9937106918238994,0.9905660377358491
1,6,6,svd,278.2559402207126,0.999475890985325,1.0
1,6,6,skipgram,278.2559402207126,0.9916142557651991,0.9952830188679245
1,6,6,cbow,77.42636826811278,0.9685534591194969,0.9905660377358491
1,6,8,svd,1000.0,0.9984276729559748,1.0
1,6,8,skipgram,77.42636826811278,0.9863731656184487,0.9905660377358491
1,6,8,cbow,5.994842503189409,0.9423480083857443,0.9339622641509434
1,6,10,svd,1000.0,0.9968553459119497,1.0
1,6,10,skipgram,1000.0,0.9837526205450734,0.9764150943396226
1,6,10,cbow,278.2559402207126,0.9198113207547169,0.8584905660377359
1,7,2,svd,5.994842503189409,0.9984276729559748,1.0
1,7,2,skipgram,1000.0,0.9973794549266247,0.9952830188679245
1,7,2,cbow,77.42636826811278,0.9868972746331237,0.9858490566037735
1,7,4,svd,5.994842503189409,0.9979035639412998,1.0
1,7,4,skipgram,77.42636826811278,0.9910901467505241,0.9952830188679245
1,7,4,cbow,21.544346900318846,0.9633123689727463,0.9575471698113207
1,7,6,svd,1000.0,0.9952830188679245,1.0
1,7,6,skipgram,21.544346900318846,0.9863731656184487,0.9952830188679245
1,7,6,cbow,1.6681005372000592,0.9119496855345912,0.8726415094339622
1,7,8,svd,77.42636826811278,0.9910901467505241,1.0
1,7,8,skipgram,278.2559402207126,0.9806079664570231,0.9858490566037735
1,7,8,cbow,21.544346900318846,0.8794549266247379,0.8679245283018868
1,7,10,svd,1000.0,0.9889937106918238,0.9952830188679245
1,7,10,skipgram,278.2559402207126,0.9690775681341719,0.9669811320754716
1,7,10,cbow,5.994842503189409,0.8768343815513627,0.8537735849056604
1,8,2,svd,1000.0,0.9984276729559748,1.0
1,8,2,skipgram,1000.0,0.9937106918238994,0.9952830188679245
1,8,2,cbow,278.2559402207126,0.9748427672955975,0.9716981132075472
1,8,4,svd,278.2559402207126,0.9963312368972747,1.0
1,8,4,skipgram,278.2559402207126,0.990041928721174,0.9858490566037735
1,8,4,cbow,278.2559402207126,0.9276729559748428,0.9292452830188679
1,8,6,svd,77.42636826811278,0.9921383647798742,1.0
1,8,6,skipgram,77.42636826811278,0.9748427672955975,0.9811320754716981
1,8,6,cbow,21.544346900318846,0.8784067085953878,0.8443396226415094
1,8,8,svd,1000.0,0.9863731656184487,0.9952830188679245
1,8,8,skipgram,21.544346900318846,0.9685534591194969,0.9764150943396226
1,8,8,cbow,1.6681005372000592,0.840146750524109,0.839622641509434
1,8,10,svd,5.994842503189409,0.9774633123689728,0.9858490566037735
1,8,10,skipgram,1.6681005372000592,0.95020964360587,0.9528301886792453
1,8,10,cbow,77.42636826811278,0.8590146750524109,0.8632075471698113
1,9,2,svd,5.994842503189409,0.9968553459119497,1.0
1,9,2,skipgram,1000.0,0.9952830188679245,0.9858490566037735
1,9,2,cbow,5.994842503189409,0.9627882599580713,0.9622641509433962
1,9,4,svd,1000.0,0.9937106918238994,1.0
1,9,4,skipgram,1000.0,0.9837526205450734,0.9811320754716981
1,9,4,cbow,1.6681005372000592,0.8915094339622641,0.8726415094339622
1,9,6,svd,77.42636826811278,0.9916142557651991,0.9905660377358491
1,9,6,skipgram,1000.0,0.9680293501048218,0.9905660377358491
1,9,6,cbow,21.544346900318846,0.8511530398322851,0.7877358490566038
1,9,8,svd,77.42636826811278,0.9795597484276729,0.9905660377358491
1,9,8,skipgram,77.42636826811278,0.9318658280922432,0.9339622641509434
1,9,8,cbow,278.2559402207126,0.8443396226415094,0.8066037735849056
1,9,10,svd,21.544346900318846,0.9795597484276729,0.9905660377358491
1,9,10,skipgram,0.03593813663804628,0.9266247379454927,0.9339622641509434
1,9,10,cbow,1.6681005372000592,0.8731656184486373,0.839622641509434
1,10,2,svd,5.994842503189409,0.9968553459119497,1.0
1,10,2,skipgram,77.42636826811278,0.9916142557651991,1.0
1,10,2,cbow,77.42636826811278,0.9591194968553459,0.9481132075471698
1,10,4,svd,1000.0,0.9942348008385744,1.0
1,10,4,skipgram,278.2559402207126,0.9790356394129979,0.9952830188679245
1,10,4,cbow,5.994842503189409,0.8778825995807128,0.8537735849056604
1,10,6,svd,21.544346900318846,0.9842767295597484,0.9811320754716981
1,10,6,skipgram,77.42636826811278,0.9533542976939203,0.9528301886792453
1,10,6,cbow,5.994842503189409,0.8228511530398323,0.8301886792452831
1,10,8,svd,278.2559402207126,0.9832285115303984,0.9764150943396226
1,10,8,skipgram,21.544346900318846,0.9187631027253669,0.9150943396226415
1,10,8,cbow,0.464158883361278,0.8333333333333334,0.8066037735849056
1,10,10,svd,21.544346900318846,0.9727463312368972,0.9905660377358491
1,10,10,skipgram,0.1291549665014884,0.9025157232704403,0.9245283018867925
1,10,10,cbow,278.2559402207126,0.8747379454926625,0.8490566037735849
2,2,2,svd,1.6681005372000592,0.9984276729559748,1.0
2,2,2,skipgram,21.544346900318846,0.999475890985325,1.0
2,2,2,cbow,5.994842503189409,0.9973794549266247,0.9952830188679245
2,2,4,svd,77.42636826811278,0.9984276729559748,1.0
2,2,4,skipgram,278.2559402207126,0.9973794549266247,1.0
2,2,4,cbow,5.994842503189409,0.9863731656184487,0.9716981132075472
2,2,6,svd,21.544346900318846,0.999475890985325,1.0
2,2,6,skipgram,77.42636826811278,0.9968553459119497,1.0
2,2,6,cbow,1000.0,0.9926624737945493,0.9905660377358491
2,2,8,svd,77.42636826811278,0.999475890985325,1.0
2,2,8,skipgram,21.544346900318846,0.9947589098532494,0.9952830188679245
2,2,8,cbow,5.994842503189409,0.9874213836477987,0.9811320754716981
2,2,10,svd,77.42636826811278,0.9989517819706499,1.0
2,2,10,skipgram,278.2559402207126,0.9942348008385744,0.9858490566037735
2,2,10,cbow,5.994842503189409,0.9690775681341719,0.9905660377358491
2,3,2,svd,5.994842503189409,0.999475890985325,1.0
2,3,2,skipgram,1.6681005372000592,1.0,1.0
2,3,2,cbow,21.544346900318846,1.0,1.0
2,3,4,svd,5.994842503189409,1.0,1.0
2,3,4,skipgram,5.994842503189409,0.999475890985325,1.0
2,3,4,cbow,0.464158883361278,0.9926624737945493,0.9952830188679245
2,3,6,svd,5.994842503189409,1.0,1.0
2,3,6,skipgram,5.994842503189409,0.999475890985325,0.9905660377358491
2,3,6,cbow,21.544346900318846,0.9685534591194969,0.9811320754716981
2,3,8,svd,21.544346900318846,0.999475890985325,1.0
2,3,8,skipgram,5.994842503189409,0.9979035639412998,1.0
2,3,8,cbow,0.464158883361278,0.8784067085953878,0.8773584905660378
2,3,10,svd,77.42636826811278,1.0,1.0
2,3,10,skipgram,1000.0,0.9973794549266247,0.9952830188679245
2,3,10,cbow,5.994842503189409,0.8155136268343816,0.7971698113207547
2,4,2,svd,0.464158883361278,0.999475890985325,1.0
2,4,2,skipgram,21.544346900318846,1.0,0.9952830188679245
2,4,2,cbow,0.1291549665014884,0.9973794549266247,0.9952830188679245
2,4,4,svd,278.2559402207126,1.0,1.0
2,4,4,skipgram,1000.0,0.999475890985325,1.0
2,4,4,cbow,21.544346900318846,0.910901467505241,0.9198113207547169
2,4,6,svd,77.42636826811278,0.999475890985325,1.0
2,4,6,skipgram,1000.0,1.0,0.9952830188679245
2,4,6,cbow,0.1291549665014884,0.8548218029350105,0.8584905660377359
2,4,8,svd,278.2559402207126,0.999475890985325,1.0
2,4,8,skipgram,77.42636826811278,0.9984276729559748,0.9858490566037735
2,4,8,cbow,0.464158883361278,0.859538784067086,0.839622641509434
2,4,10,svd,77.42636826811278,0.9989517819706499,1.0
2,4,10,skipgram,77.42636826811278,0.9968553459119497,0.9905660377358491
2,4,10,cbow,0.464158883361278,0.860587002096436,0.8490566037735849
2,5,2,svd,1000.0,1.0,1.0
2,5,2,skipgram,278.2559402207126,0.999475890985325,1.0
2,5,2,cbow,0.464158883361278,0.9585953878406709,0.9433962264150944
2,5,4,svd,77.42636826811278,1.0,1.0
2,5,4,skipgram,278.2559402207126,0.9963312368972747,0.9905660377358491
2,5,4,cbow,21.544346900318846,0.8736897274633124,0.8773584905660378
2,5,6,svd,1000.0,0.999475890985325,1.0
2,5,6,skipgram,77.42636826811278,0.9963312368972747,0.9858490566037735
2,5,6,cbow,1.6681005372000592,0.90041928721174,0.8820754716981132
2,5,8,svd,77.42636826811278,0.9989517819706499,1.0
2,5,8,skipgram,77.42636826811278,0.9942348008385744,0.9905660377358491
2,5,8,cbow,1.6681005372000592,0.9040880503144654,0.8915094339622641
2,5,10,svd,21.544346900318846,0.9973794549266247,0.9952830188679245
2,5,10,skipgram,21.544346900318846,0.9942348008385744,0.9952830188679245
2,5,10,cbow,1.6681005372000592,0.9025157232704403,0.8915094339622641
2,6,2,svd,77.42636826811278,0.9989517819706499,1.0
2,6,2,skipgram,278.2559402207126,0.9973794549266247,0.9952830188679245
2,6,2,cbow,0.03593813663804628,0.8181341719077568,0.7735849056603774
2,6,4,svd,278.2559402207126,0.999475890985325,1.0
2,6,4,skipgram,77.42636826811278,0.9931865828092243,0.9858490566037735
2,6,4,cbow,21.544346900318846,0.839622641509434,0.8301886792452831
2,6,6,svd,278.2559402207126,0.999475890985325,1.0
2,6,6,skipgram,1000.0,0.9905660377358491,0.9764150943396226
2,6,6,cbow,77.42636826811278,0.8537735849056604,0.8632075471698113
2,6,8,svd,1000.0,0.9979035639412998,1.0
2,6,8,skipgram,5.994842503189409,0.989517819706499,0.9905660377358491
2,6,8,cbow,21.544346900318846,0.8553459119496856,0.8632075471698113
2,6,10,svd,278.2559402207126,0.9968553459119497,1.0
2,6,10,skipgram,5.994842503189409,0.9848008385744235,0.9858490566037735
2,6,10,cbow,5.994842503189409,0.8537735849056604,0.8632075471698113
2,7,2,svd,1.6681005372000592,0.9984276729559748,1.0
2,7,2,skipgram,278.2559402207126,0.9910901467505241,0.9905660377358491
2,7,2,cbow,278.2559402207126,0.7908805031446541,0.8066037735849056
2,7,4,svd,278.2559402207126,0.9989517819706499,1.0
2,7,4,skipgram,1000.0,0.9874213836477987,0.9764150943396226
2,7,4,cbow,5.994842503189409,0.810272536687631,0.7924528301886793
2,7,6,svd,278.2559402207126,0.9979035639412998,1.0
2,7,6,skipgram,77.42636826811278,0.9827044025157232,0.9764150943396226
2,7,6,cbow,0.1291549665014884,0.8212788259958071,0.8066037735849056
2,7,8,svd,77.42636826811278,0.9952830188679245,0.9952830188679245
2,7,8,skipgram,0.464158883361278,0.9743186582809225,0.9669811320754716
2,7,8,cbow,0.1291549665014884,0.8244234800838575,0.8066037735849056
2,7,10,svd,21.544346900318846,0.9884696016771488,1.0
2,7,10,skipgram,5.994842503189409,0.9638364779874213,0.9811320754716981
2,7,10,cbow,0.1291549665014884,0.8244234800838575,0.8066037735849056
2,8,2,svd,278.2559402207126,0.9984276729559748,1.0
2,8,2,skipgram,21.544346900318846,0.9863731656184487,0.9811320754716981
2,8,2,cbow,0.464158883361278,0.7830188679245284,0.7877358490566038
2,8,4,svd,278.2559402207126,0.9989517819706499,1.0
2,8,4,skipgram,0.464158883361278,0.9769392033542977,0.9716981132075472
2,8,4,cbow,1.6681005372000592,0.8039832285115304,0.7971698113207547
2,8,6,svd,1000.0,0.9968553459119497,1.0
2,8,6,skipgram,0.03593813663804628,0.9764150943396226,0.9669811320754716
2,8,6,cbow,0.1291549665014884,0.8076519916142557,0.7971698113207547
2,8,8,svd,278.2559402207126,0.990041928721174,0.9952830188679245
2,8,8,skipgram,21.544346900318846,0.960691823899371,0.9339622641509434
2,8,8,cbow,0.1291549665014884,0.8081761006289309,0.7971698113207547
2,8,10,svd,77.42636826811278,0.9827044025157232,0.9952830188679245
2,8,10,skipgram,1.6681005372000592,0.9271488469601677,0.9009433962264151
2,8,10,cbow,0.1291549665014884,0.8081761006289309,0.7971698113207547
2,9,2,svd,278.2559402207126,0.9984276729559748,1.0
2,9,2,skipgram,278.2559402207126,0.9842767295597484,0.9811320754716981
2,9,2,cbow,21.544346900318846,0.7646750524109015,0.7783018867924528
2,9,4,svd,77.42636826811278,0.9958071278825996,1.0
2,9,4,skipgram,0.1291549665014884,0.9779874213836478,0.9764150943396226
2,9,4,cbow,21.544346900318846,0.7976939203354297,0.7971698113207547
2,9,6,svd,21.544346900318846,0.9921383647798742,1.0
2,9,6,skipgram,1000.0,0.9627882599580713,0.9386792452830188
2,9,6,cbow,1.6681005372000592,0.799266247379455,0.7924528301886793
2,9,8,svd,5.994842503189409,0.9853249475890985,0.9905660377358491
2,9,8,skipgram,0.03593813663804628,0.9245283018867925,0.9056603773584906
2,9,8,cbow,1.6681005372000592,0.799266247379455,0.7924528301886793
2,9,10,svd,1000.0,0.9774633123689728,1.0
2,9,10,skipgram,77.42636826811278,0.8857442348008385,0.8867924528301887
2,9,10,cbow,5.994842503189409,0.7987421383647799,0.7924528301886793
2,10,2,svd,278.2559402207126,0.9984276729559748,1.0
2,10,2,skipgram,21.544346900318846,0.9774633123689728,0.9764150943396226
2,10,2,cbow,1.6681005372000592,0.7767295597484277,0.7311320754716981
2,10,4,svd,77.42636826811278,0.9963312368972747,1.0
2,10,4,skipgram,1000.0,0.9685534591194969,0.9481132075471698
2,10,4,cbow,1.6681005372000592,0.789308176100629,0.7924528301886793
2,10,6,svd,278.2559402207126,0.990041928721174,1.0
2,10,6,skipgram,5.994842503189409,0.9313417190775681,0.9481132075471698
2,10,6,cbow,1.6681005372000592,0.7935010482180294,0.7877358490566038
2,10,8,svd,1000.0,0.9868972746331237,0.9905660377358491
2,10,8,skipgram,1.6681005372000592,0.889412997903564,0.9198113207547169
2,10,8,cbow,1.6681005372000592,0.7935010482180294,0.7877358490566038
2,10,10,svd,278.2559402207126,0.9806079664570231,0.9622641509433962
2,10,10,skipgram,21.544346900318846,0.850104821802935,0.8632075471698113
2,10,10,cbow,1.6681005372000592,0.7935010482180294,0.7877358490566038
3,2,2,svd,1.6681005372000592,0.9979035639412998,1.0
3,2,2,skipgram,21.544346900318846,1.0,1.0
3,2,2,cbow,5.994842503189409,0.9544025157232704,0.9528301886792453
3,2,4,svd,1000.0,0.999475890985325,1.0
3,2,4,skipgram,77.42636826811278,0.9984276729559748,1.0
3,2,4,cbow,77.42636826811278,0.9009433962264151,0.9056603773584906
3,2,6,svd,278.2559402207126,1.0,1.0
3,2,6,skipgram,278.2559402207126,0.9821802935010482,0.9811320754716981
3,2,6,cbow,278.2559402207126,0.9376310272536688,0.9292452830188679
3,2,8,svd,21.544346900318846,0.9984276729559748,1.0
3,2,8,skipgram,278.2559402207126,0.950733752620545,0.9386792452830188
3,2,8,cbow,278.2559402207126,0.9371069182389937,0.9292452830188679
3,2,10,svd,1000.0,1.0,1.0
3,2,10,skipgram,77.42636826811278,0.8784067085953878,0.8537735849056604
3,2,10,cbow,278.2559402207126,0.9371069182389937,0.9292452830188679
3,3,2,svd,1000.0,1.0,1.0
3,3,2,skipgram,1000.0,0.9989517819706499,1.0
3,3,2,cbow,0.1291549665014884,0.9816561844863732,0.9764150943396226
3,3,4,svd,0.464158883361278,1.0,1.0
3,3,4,skipgram,278.2559402207126,0.9989517819706499,0.9952830188679245
3,3,4,cbow,77.42636826811278,0.9182389937106918,0.910377358490566
3,3,6,svd,21.544346900318846,1.0,1.0
3,3,6,skipgram,1000.0,0.9952830188679245,0.9905660377358491
3,3,6,cbow,1000.0,0.9240041928721174,0.910377358490566
3,3,8,svd,77.42636826811278,0.999475890985325,1.0
3,3,8,skipgram,77.42636826811278,0.9889937106918238,1.0
3,3,8,cbow,1000.0,0.9234800838574424,0.9056603773584906
3,3,10,svd,1000.0,1.0,1.0
3,3,10,skipgram,77.42636826811278,0.9889937106918238,0.9858490566037735
3,3,10,cbow,1000.0,0.9240041928721174,0.9056603773584906
3,4,2,svd,0.464158883361278,0.999475890985325,1.0
3,4,2,skipgram,21.544346900318846,0.9984276729559748,0.9952830188679245
3,4,2,cbow,1.6681005372000592,0.8972746331236897,0.9009433962264151
3,4,4,svd,0.1291549665014884,0.999475890985325,1.0
3,4,4,skipgram,21.544346900318846,0.9973794549266247,0.9952830188679245
3,4,4,cbow,21.544346900318846,0.9302935010482181,0.9481132075471698
3,4,6,svd,1.6681005372000592,0.999475890985325,1.0
3,4,6,skipgram,1.6681005372000592,0.9937106918238994,0.9905660377358491
3,4,6,cbow,21.544346900318846,0.9365828092243187,0.9386792452830188
3,4,8,svd,5.994842503189409,0.999475890985325,1.0
3,4,8,skipgram,5.994842503189409,0.9942348008385744,0.9811320754716981
3,4,8,cbow,21.544346900318846,0.9365828092243187,0.9386792452830188
3,4,10,svd,21.544346900318846,0.9979035639412998,1.0
3,4,10,skipgram,1.6681005372000592,0.9884696016771488,0.9811320754716981
3,4,10,cbow,21.544346900318846,0.9365828092243187,0.9433962264150944
3,5,2,svd,1000.0,0.999475890985325,1.0
3,5,2,skipgram,1.6681005372000592,0.9942348008385744,1.0
3,5,2,cbow,1.6681005372000592,0.860587002096436,0.8820754716981132
3,5,4,svd,278.2559402207126,1.0,1.0
3,5,4,skipgram,0.464158883361278,0.9905660377358491,0.9858490566037735
3,5,4,cbow,278.2559402207126,0.9339622641509434,0.9292452830188679
3,5,6,svd,21.544346900318846,0.999475890985325,1.0
3,5,6,skipgram,1.6681005372000592,0.9853249475890985,0.9764150943396226
3,5,6,cbow,278.2559402207126,0.9355345911949685,0.9433962264150944
3,5,8,svd,1000.0,0.9989517819706499,1.0
3,5,8,skipgram,5.994842503189409,0.9785115303983228,0.9669811320754716
3,5,8,cbow,278.2559402207126,0.9355345911949685,0.9433962264150944
3,5,10,svd,1000.0,0.9989517819706499,1.0
3,5,10,skipgram,21.544346900318846,0.9664570230607966,0.9339622641509434
3,5,10,cbow,77.42636826811278,0.9355345911949685,0.9433962264150944
3,6,2,svd,77.42636826811278,1.0,1.0
3,6,2,skipgram,21.544346900318846,0.9931865828092243,0.9952830188679245
3,6,2,cbow,5.994842503189409,0.8349056603773585,0.839622641509434
3,6,4,svd,1000.0,1.0,1.0
3,6,4,skipgram,77.42636826811278,0.9816561844863732,0.9575471698113207
3,6,4,cbow,21.544346900318846,0.9198113207547169,0.9009433962264151
3,6,6,svd,1000.0,1.0,1.0
3,6,6,skipgram,1.6681005372000592,0.9654088050314465,0.9669811320754716
3,6,6,cbow,21.544346900318846,0.9213836477987422,0.9056603773584906
3,6,8,svd,278.2559402207126,0.9984276729559748,1.0
3,6,8,skipgram,0.464158883361278,0.9470649895178197,0.910377358490566
3,6,8,cbow,21.544346900318846,0.9213836477987422,0.9056603773584906
3,6,10,svd,21.544346900318846,0.9973794549266247,0.9952830188679245
3,6,10,skipgram,1.6681005372000592,0.9067085953878407,0.9056603773584906
3,6,10,cbow,5.994842503189409,0.9213836477987422,0.9056603773584906
3,7,2,svd,77.42636826811278,0.999475890985325,1.0
3,7,2,skipgram,21.544346900318846,0.9858490566037735,0.9811320754716981
3,7,2,cbow,21.544346900318846,0.8055555555555556,0.7452830188679245
3,7,4,svd,278.2559402207126,0.999475890985325,1.0
3,7,4,skipgram,0.464158883361278,0.9554507337526206,0.9622641509433962
3,7,4,cbow,77.42636826811278,0.8988469601677149,0.8915094339622641
3,7,6,svd,278.2559402207126,0.9984276729559748,1.0
3,7,6,skipgram,77.42636826811278,0.9129979035639413,0.9198113207547169
3,7,6,cbow,77.42636826811278,0.899895178197065,0.8915094339622641
3,7,8,svd,77.42636826811278,0.9963312368972747,1.0
3,7,8,skipgram,21.544346900318846,0.8710691823899371,0.8726415094339622
3,7,8,cbow,21.544346900318846,0.899895178197065,0.8915094339622641
3,7,10,svd,77.42636826811278,0.9937106918238994,0.9952830188679245
3,7,10,skipgram,21.544346900318846,0.8553459119496856,0.8679245283018868
3,7,10,cbow,21.544346900318846,0.899895178197065,0.8915094339622641
3,8,2,svd,21.544346900318846,0.9984276729559748,1.0
3,8,2,skipgram,77.42636826811278,0.9696016771488469,0.9669811320754716
3,8,2,cbow,77.42636826811278,0.8018867924528302,0.7924528301886793
3,8,4,svd,278.2559402207126,0.9989517819706499,1.0
3,8,4,skipgram,77.42636826811278,0.9234800838574424,0.9056603773584906
3,8,4,cbow,5.994842503189409,0.8846960167714885,0.8915094339622641
3,8,6,svd,21.544346900318846,0.9958071278825996,1.0
3,8,6,skipgram,0.1291549665014884,0.8789308176100629,0.8773584905660378
3,8,6,cbow,5.994842503189409,0.8841719077568134,0.8915094339622641
3,8,8,svd,5.994842503189409,0.9916142557651991,1.0
3,8,8,skipgram,21.544346900318846,0.8584905660377359,0.8349056603773585
3,8,8,cbow,1.6681005372000592,0.8841719077568134,0.8915094339622641
3,8,10,svd,21.544346900318846,0.9853249475890985,0.9905660377358491
3,8,10,skipgram,0.464158883361278,0.9203354297693921,0.9009433962264151
3,8,10,cbow,1.6681005372000592,0.8841719077568134,0.8915094339622641
3,9,2,svd,1000.0,0.9989517819706499,1.0
3,9,2,skipgram,0.1291549665014884,0.9454926624737946,0.9481132075471698
3,9,2,cbow,21.544346900318846,0.8113207547169812,0.7924528301886793
3,9,4,svd,21.544346900318846,0.9968553459119497,1.0
3,9,4,skipgram,1.6681005372000592,0.8825995807127882,0.8773584905660378
3,9,4,cbow,5.994842503189409,0.8778825995807128,0.8867924528301887
3,9,6,svd,77.42636826811278,0.9942348008385744,1.0
3,9,6,skipgram,77.42636826811278,0.8438155136268344,0.8349056603773585
3,9,6,cbow,5.994842503189409,0.8789308176100629,0.8915094339622641
3,9,8,svd,77.42636826811278,0.9858490566037735,0.9905660377358491
3,9,8,skipgram,1.6681005372000592,0.9266247379454927,0.8915094339622641
3,9,8,cbow,5.994842503189409,0.8789308176100629,0.8915094339622641
3,9,10,svd,77.42636826811278,0.9863731656184487,0.9952830188679245
3,9,10,skipgram,77.42636826811278,0.9538784067085954,0.9481132075471698
3,9,10,cbow,5.994842503189409,0.8789308176100629,0.8915094339622641
3,10,2,svd,1.6681005372000592,0.9979035639412998,1.0
3,10,2,skipgram,1.6681005372000592,0.9166666666666666,0.9056603773584906
3,10,2,cbow,21.544346900318846,0.8223270440251572,0.8490566037735849
3,10,4,svd,5.994842503189409,0.9979035639412998,1.0
3,10,4,skipgram,5.994842503189409,0.8092243186582809,0.8160377358490566
3,10,4,cbow,77.42636826811278,0.8867924528301887,0.9009433962264151
3,10,6,svd,77.42636826811278,0.9879454926624738,0.9952830188679245
3,10,6,skipgram,0.1291549665014884,0.9093291404612159,0.8962264150943396
3,10,6,cbow,21.544346900318846,0.8867924528301887,0.9009433962264151
3,10,8,svd,77.42636826811278,0.9858490566037735,0.9952830188679245
3,10,8,skipgram,0.464158883361278,0.9460167714884696,0.9292452830188679
3,10,8,cbow,21.544346900318846,0.8867924528301887,0.9009433962264151
3,10,10,svd,77.42636826811278,0.9790356394129979,0.9858490566037735
3,10,10,skipgram,5.994842503189409,0.9664570230607966,0.9716981132075472
3,10,10,cbow,21.544346900318846,0.8867924528301887,0.9009433962264151
4,2,2,svd,77.42636826811278,0.9979035639412998,1.0
4,2,2,skipgram,278.2559402207126,1.0,1.0
4,2,2,cbow,0.464158883361278,0.8768343815513627,0.8820754716981132
4,2,4,svd,77.42636826811278,0.999475890985325,1.0
4,2,4,skipgram,5.994842503189409,0.9979035639412998,0.9952830188679245
4,2,4,cbow,5.994842503189409,0.9224318658280922,0.9245283018867925
4,2,6,svd,77.42636826811278,1.0,1.0
4,2,6,skipgram,77.42636826811278,0.9816561844863732,0.9764150943396226
4,2,6,cbow,278.2559402207126,0.9454926624737946,0.9150943396226415
4,2,8,svd,278.2559402207126,0.999475890985325,1.0
4,2,8,skipgram,278.2559402207126,0.9046121593291404,0.8679245283018868
4,2,8,cbow,1000.0,0.9454926624737946,0.9150943396226415
4,2,10,svd,77.42636826811278,0.9989517819706499,1.0
4,2,10,skipgram,1.6681005372000592,0.839098532494759,0.8490566037735849
4,2,10,cbow,1000.0,0.9454926624737946,0.9150943396226415
4,3,2,svd,0.464158883361278,0.999475890985325,1.0
4,3,2,skipgram,1.6681005372000592,1.0,0.9952830188679245
4,3,2,cbow,1.6681005372000592,0.9182389937106918,0.9433962264150944
4,3,4,svd,21.544346900318846,1.0,1.0
4,3,4,skipgram,1.6681005372000592,0.9984276729559748,1.0
4,3,4,cbow,21.544346900318846,0.9538784067085954,0.9339622641509434
4,3,6,svd,21.544346900318846,1.0,1.0
4,3,6,skipgram,278.2559402207126,0.9989517819706499,0.9952830188679245
4,3,6,cbow,77.42636826811278,0.9538784067085954,0.9339622641509434
4,3,8,svd,278.2559402207126,1.0,1.0
4,3,8,skipgram,21.544346900318846,0.999475890985325,0.9905660377358491
4,3,8,cbow,77.42636826811278,0.9538784067085954,0.9292452830188679
4,3,10,svd,77.42636826811278,0.999475890985325,1.0
4,3,10,skipgram,5.994842503189409,0.9921383647798742,0.9764150943396226
4,3,10,cbow,77.42636826811278,0.9544025157232704,0.9292452830188679
4,4,2,svd,0.1291549665014884,0.999475890985325,1.0
4,4,2,skipgram,21.544346900318846,0.9989517819706499,1.0
4,4,2,cbow,0.1291549665014884,0.8873165618448637,0.8962264150943396
4,4,4,svd,0.03593813663804628,1.0,1.0
4,4,4,skipgram,0.464158883361278,0.9984276729559748,1.0
4,4,4,cbow,77.42636826811278,0.9716981132075472,0.9481132075471698
4,4,6,svd,5.994842503189409,1.0,1.0
4,4,6,skipgram,0.03593813663804628,0.9963312368972747,0.9952830188679245
4,4,6,cbow,77.42636826811278,0.9790356394129979,0.9528301886792453
4,4,8,svd,21.544346900318846,0.999475890985325,1.0
4,4,8,skipgram,5.994842503189409,0.9942348008385744,0.9905660377358491
4,4,8,cbow,77.42636826811278,0.9790356394129979,0.9528301886792453
4,4,10,svd,1000.0,0.9989517819706499,1.0
4,4,10,skipgram,0.03593813663804628,0.9926624737945493,0.9858490566037735
4,4,10,cbow,77.42636826811278,0.9790356394129979,0.9528301886792453
4,5,2,svd,77.42636826811278,0.999475890985325,1.0
4,5,2,skipgram,0.464158883361278,0.999475890985325,1.0
4,5,2,cbow,5.994842503189409,0.8888888888888888,0.8820754716981132
4,5,4,svd,77.42636826811278,1.0,1.0
4,5,4,skipgram,0.464158883361278,0.9963312368972747,0.9952830188679245
4,5,4,cbow,77.42636826811278,0.9591194968553459,0.9528301886792453
4,5,6,svd,77.42636826811278,0.999475890985325,1.0
4,5,6,skipgram,0.03593813663804628,0.9874213836477987,0.9811320754716981
4,5,6,cbow,77.42636826811278,0.9591194968553459,0.9481132075471698
4,5,8,svd,278.2559402207126,0.999475890985325,1.0
4,5,8,skipgram,0.03593813663804628,0.9748427672955975,0.9716981132075472
4,5,8,cbow,77.42636826811278,0.9591194968553459,0.9481132075471698
4,5,10,svd,21.544346900318846,0.9979035639412998,1.0
4,5,10,skipgram,77.42636826811278,0.9685534591194969,0.9433962264150944
4,5,10,cbow,21.544346900318846,0.9580712788259959,0.9481132075471698
4,6,2,svd,1000.0,0.999475890985325,1.0
4,6,2,skipgram,21.544346900318846,0.9931865828092243,0.9905660377358491
4,6,2,cbow,1.6681005372000592,0.85062893081761,0.8537735849056604
4,6,4,svd,77.42636826811278,1.0,1.0
4,6,4,skipgram,0.01,0.9811320754716981,0.9764150943396226
4,6,4,cbow,21.544346900318846,0.9433962264150944,0.9433962264150944
4,6,6,svd,1000.0,1.0,1.0
4,6,6,skipgram,0.03593813663804628,0.9627882599580713,0.9481132075471698
4,6,6,cbow,77.42636826811278,0.9439203354297694,0.9433962264150944
4,6,8,svd,278.2559402207126,0.999475890985325,1.0
4,6,8,skipgram,278.2559402207126,0.9323899371069182,0.9009433962264151
4,6,8,cbow,77.42636826811278,0.9439203354297694,0.9433962264150944
4,6,10,svd,278.2559402207126,0.9984276729559748,0.9952830188679245
4,6,10,skipgram,0.464158883361278,0.9444444444444444,0.9292452830188679
4,6,10,cbow,5.994842503189409,0.9433962264150944,0.9433962264150944
4,7,2,svd,278.2559402207126,0.9989517819706499,1.0
4,7,2,skipgram,0.464158883361278,0.9884696016771488,0.9905660377358491
4,7,2,cbow,21.544346900318846,0.8448637316561844,0.8207547169811321
4,7,4,svd,278.2559402207126,0.9989517819706499,1.0
4,7,4,skipgram,21.544346900318846,0.959643605870021,0.9339622641509434
4,7,4,cbow,5.994842503189409,0.9323899371069182,0.9150943396226415
4,7,6,svd,77.42636826811278,0.9989517819706499,1.0
4,7,6,skipgram,0.01,0.8768343815513627,0.8349056603773585
4,7,6,cbow,5.994842503189409,0.9318658280922432,0.9150943396226415
4,7,8,svd,1000.0,0.9973794549266247,1.0
4,7,8,skipgram,0.464158883361278,0.9449685534591195,0.9339622641509434
4,7,8,cbow,1.6681005372000592,0.9329140461215933,0.9150943396226415
4,7,10,svd,278.2559402207126,0.9942348008385744,1.0
4,7,10,skipgram,5.994842503189409,0.9575471698113207,0.9575471698113207
4,7,10,cbow,1.6681005372000592,0.9329140461215933,0.9150943396226415
4,8,2,svd,21.544346900318846,0.9984276729559748,1.0
4,8,2,skipgram,1.6681005372000592,0.9737945492662474,0.9622641509433962
4,8,2,cbow,21.544346900318846,0.8616352201257862,0.8867924528301887
4,8,4,svd,1000.0,0.999475890985325,1.0
4,8,4,skipgram,21.544346900318846,0.8946540880503144,0.8632075471698113
4,8,4,cbow,278.2559402207126,0.9302935010482181,0.9009433962264151
4,8,6,svd,1000.0,0.9973794549266247,1.0
4,8,6,skipgram,0.464158883361278,0.9433962264150944,0.910377358490566
4,8,6,cbow,278.2559402207126,0.9302935010482181,0.9009433962264151
4,8,8,svd,77.42636826811278,0.9926624737945493,1.0
4,8,8,skipgram,1.6681005372000592,0.9696016771488469,0.9481132075471698
4,8,8,cbow,77.42636826811278,0.9302935010482181,0.9009433962264151
4,8,10,svd,77.42636826811278,0.9874213836477987,1.0
4,8,10,skipgram,5.994842503189409,0.989517819706499,0.9669811320754716
4,8,10,cbow,77.42636826811278,0.9302935010482181,0.9009433962264151
4,9,2,svd,278.2559402207126,0.9989517819706499,1.0
4,9,2,skipgram,77.42636826811278,0.9250524109014675,0.9009433962264151
4,9,2,cbow,21.544346900318846,0.879979035639413,0.8679245283018868
4,9,4,svd,1000.0,0.9989517819706499,1.0
4,9,4,skipgram,0.1291549665014884,0.9093291404612159,0.9009433962264151
4,9,4,cbow,21.544346900318846,0.9240196078431373,0.9119496855345912
4,9,6,svd,21.544346900318846,0.9947589098532494,1.0
4,9,6,skipgram,0.464158883361278,0.9633123689727463,0.9481132075471698
4,9,6,cbow,21.544346900318846,0.9208200777659951,0.926984126984127
4,9,8,svd,77.42636826811278,0.9868972746331237,0.9952830188679245
4,9,8,skipgram,5.994842503189409,0.9858490566037735,0.9811320754716981
4,9,8,cbow,77.42636826811278,0.9287211740041929,0.9245283018867925
4,9,10,svd,5.994842503189409,0.9832285115303984,0.9905660377358491
4,9,10,skipgram,1.6681005372000592,0.989517819706499,0.9905660377358491
4,9,10,cbow,77.42636826811278,0.9287211740041929,0.9245283018867925
4,10,2,svd,278.2559402207126,0.999475890985325,1.0
4,10,2,skipgram,21.544346900318846,0.8301886792452831,0.8018867924528302
4,10,2,cbow,21.544346900318846,0.8988469601677149,0.8962264150943396
4,10,4,svd,278.2559402207126,0.9973794549266247,1.0
4,10,4,skipgram,0.1291549665014884,0.9428721174004193,0.9245283018867925
4,10,4,cbow,77.42636826811278,0.9313417190775681,0.9150943396226415
4,10,6,svd,21.544346900318846,0.9905660377358491,1.0
4,10,6,skipgram,77.42636826811278,0.9785115303983228,0.9905660377358491
4,10,6,cbow,77.42636826811278,0.9313417190775681,0.9150943396226415
4,10,8,svd,1000.0,0.9842767295597484,0.9952830188679245
4,10,8,skipgram,5.994842503189409,0.9942348008385744,0.9858490566037735
4,10,8,cbow,77.42636826811278,0.9313417190775681,0.9150943396226415
4,10,10,svd,278.2559402207126,0.9790356394129979,0.9905660377358491
4,10,10,skipgram,278.2559402207126,0.9963312368972747,0.9905660377358491
4,10,10,cbow,77.42636826811278,0.9313417190775681,0.9150943396226415
5,2,2,svd,1000.0,0.9989517819706499,1.0
5,2,2,skipgram,5.994842503189409,1.0,1.0
5,2,2,cbow,0.1291549665014884,0.8212788259958071,0.8349056603773585
5,2,4,svd,278.2559402207126,0.999475890985325,1.0
5,2,4,skipgram,278.2559402207126,0.9989517819706499,0.9952830188679245
5,2,4,cbow,21.544346900318846,0.9591194968553459,0.9386792452830188
5,2,6,svd,278.2559402207126,0.999475890985325,1.0
5,2,6,skipgram,21.544346900318846,0.9774633123689728,0.9669811320754716
5,2,6,cbow,5.994842503189409,0.9633123689727463,0.9481132075471698
5,2,8,svd,1000.0,0.9989517819706499,1.0
5,2,8,skipgram,77.42636826811278,0.94916142557652,0.9622641509433962
5,2,8,cbow,5.994842503189409,0.9633123689727463,0.9481132075471698
5,2,10,svd,278.2559402207126,0.9984276729559748,1.0
5,2,10,skipgram,1000.0,0.9019916142557652,0.9339622641509434
5,2,10,cbow,5.994842503189409,0.9633123689727463,0.9481132075471698
5,3,2,svd,5.994842503189409,0.999475890985325,1.0
5,3,2,skipgram,5.994842503189409,1.0,0.9952830188679245
5,3,2,cbow,5.994842503189409,0.8747379454926625,0.839622641509434
5,3,4,svd,21.544346900318846,1.0,1.0
5,3,4,skipgram,5.994842503189409,0.999475890985325,0.9952830188679245
5,3,4,cbow,278.2559402207126,0.9360587002096437,0.9245283018867925
5,3,6,svd,77.42636826811278,1.0,1.0
5,3,6,skipgram,77.42636826811278,0.9979035639412998,0.9905660377358491
5,3,6,cbow,77.42636826811278,0.9465408805031447,0.9339622641509434
5,3,8,svd,1000.0,1.0,1.0
5,3,8,skipgram,21.544346900318846,0.9963312368972747,0.9905660377358491
5,3,8,cbow,21.544346900318846,0.9454926624737946,0.9339622641509434
5,3,10,svd,77.42636826811278,1.0,1.0
5,3,10,skipgram,21.544346900318846,0.9952830188679245,0.9811320754716981
5,3,10,cbow,21.544346900318846,0.9454926624737946,0.9339622641509434
5,4,2,svd,0.1291549665014884,0.9989517819706499,1.0
5,4,2,skipgram,0.03593813663804628,0.9989517819706499,0.9952830188679245
5,4,2,cbow,0.464158883361278,0.8485324947589099,0.8113207547169812
5,4,4,svd,0.03593813663804628,0.999475890985325,1.0
5,4,4,skipgram,21.544346900318846,0.999475890985325,1.0
5,4,4,cbow,21.544346900318846,0.9454926624737946,0.9245283018867925
5,4,6,svd,77.42636826811278,1.0,1.0
5,4,6,skipgram,1.6681005372000592,0.9973794549266247,1.0
5,4,6,cbow,21.544346900318846,0.9481132075471698,0.9245283018867925
5,4,8,svd,21.544346900318846,0.999475890985325,1.0
5,4,8,skipgram,278.2559402207126,0.9952830188679245,0.9952830188679245
5,4,8,cbow,278.2559402207126,0.9475890985324947,0.9292452830188679
5,4,10,svd,1000.0,0.999475890985325,1.0
5,4,10,skipgram,1.6681005372000592,0.9958071278825996,0.9905660377358491
5,4,10,cbow,77.42636826811278,0.9475890985324947,0.9245283018867925
5,5,2,svd,21.544346900318846,0.999475890985325,1.0
5,5,2,skipgram,0.03593813663804628,0.9989517819706499,1.0
5,5,2,cbow,0.1291549665014884,0.8715932914046122,0.8066037735849056
5,5,4,svd,21.544346900318846,1.0,1.0
5,5,4,skipgram,0.01,0.9921383647798742,0.9952830188679245
5,5,4,cbow,5.994842503189409,0.960167714884696,0.9386792452830188
5,5,6,svd,21.544346900318846,0.9989517819706499,1.0
5,5,6,skipgram,0.1291549665014884,0.9910901467505241,0.9858490566037735
5,5,6,cbow,21.544346900318846,0.960167714884696,0.9481132075471698
5,5,8,svd,21.544346900318846,0.9989517819706499,1.0
5,5,8,skipgram,0.464158883361278,0.9884696016771488,0.9764150943396226
5,5,8,cbow,21.544346900318846,0.960691823899371,0.9481132075471698
5,5,10,svd,21.544346900318846,0.9984276729559748,1.0
5,5,10,skipgram,5.994842503189409,0.9785115303983228,0.9858490566037735
5,5,10,cbow,1.6681005372000592,0.9612159329140462,0.9433962264150944
5,6,2,svd,77.42636826811278,1.0,1.0
5,6,2,skipgram,0.464158883361278,0.9952830188679245,0.9858490566037735
5,6,2,cbow,0.464158883361278,0.859538784067086,0.8490566037735849
5,6,4,svd,278.2559402207126,1.0,1.0
5,6,4,skipgram,0.464158883361278,0.9921383647798742,0.9905660377358491
5,6,4,cbow,278.2559402207126,0.9412997903563941,0.9481132075471698
5,6,6,svd,278.2559402207126,0.9989517819706499,1.0
5,6,6,skipgram,0.464158883361278,0.9690775681341719,0.9669811320754716
5,6,6,cbow,1000.0,0.9444444444444444,0.9481132075471698
5,6,8,svd,278.2559402207126,0.999475890985325,1.0
5,6,8,skipgram,21.544346900318846,0.9486373165618449,0.9433962264150944
5,6,8,cbow,1000.0,0.9449685534591195,0.9481132075471698
5,6,10,svd,278.2559402207126,0.9984276729559748,0.9905660377358491
5,6,10,skipgram,5.994842503189409,0.9564989517819706,0.9150943396226415
5,6,10,cbow,1000.0,0.9439203354297694,0.9481132075471698
5,7,2,svd,77.42636826811278,0.999475890985325,1.0
5,7,2,skipgram,0.03593813663804628,0.9910901467505241,0.9905660377358491
5,7,2,cbow,77.42636826811278,0.8469601677148847,0.8066037735849056
5,7,4,svd,77.42636826811278,0.9989517819706499,1.0
5,7,4,skipgram,1.6681005372000592,0.9690775681341719,0.9669811320754716
5,7,4,cbow,278.2559402207126,0.939727463312369,0.9292452830188679
5,7,6,svd,77.42636826811278,0.9989517819706499,1.0
5,7,6,skipgram,21.544346900318846,0.9240041928721174,0.8867924528301887
5,7,6,cbow,278.2559402207126,0.940251572327044,0.9292452830188679
5,7,8,svd,1000.0,0.9968553459119497,1.0
5,7,8,skipgram,0.464158883361278,0.9570230607966457,0.9764150943396226
5,7,8,cbow,77.42636826811278,0.940251572327044,0.9292452830188679
5,7,10,svd,21.544346900318846,0.9916142557651991,0.9952830188679245
5,7,10,skipgram,1.6681005372000592,0.9748427672955975,0.9811320754716981
5,7,10,cbow,77.42636826811278,0.940251572327044,0.9292452830188679
5,8,2,svd,21.544346900318846,0.9984276729559748,1.0
5,8,2,skipgram,5.994842503189409,0.9837526205450734,0.9669811320754716
5,8,2,cbow,21.544346900318846,0.8626834381551363,0.8820754716981132
5,8,4,svd,278.2559402207126,0.999475890985325,1.0
5,8,4,skipgram,0.1291549665014884,0.9407756813417191,0.9386792452830188
5,8,4,cbow,77.42636826811278,0.9376310272536688,0.9292452830188679
5,8,6,svd,77.42636826811278,0.9973794549266247,1.0
5,8,6,skipgram,0.464158883361278,0.9580712788259959,0.9481132075471698
5,8,6,cbow,21.544346900318846,0.9371069182389937,0.9292452830188679
5,8,8,svd,77.42636826811278,0.9952830188679245,1.0
5,8,8,skipgram,0.464158883361278,0.9858490566037735,0.9811320754716981
5,8,8,cbow,77.42636826811278,0.9376310272536688,0.9292452830188679
5,8,10,svd,278.2559402207126,0.9905660377358491,0.9952830188679245
5,8,10,skipgram,21.544346900318846,0.9910901467505241,0.9905660377358491
5,8,10,cbow,77.42636826811278,0.9376310272536688,0.9292452830188679
5,9,2,svd,77.42636826811278,0.9989517819706499,1.0
5,9,2,skipgram,1.6681005372000592,0.9538784067085954,0.9386792452830188
5,9,2,cbow,77.42636826811278,0.8841719077568134,0.8584905660377359
5,9,4,svd,77.42636826811278,0.9973794549266247,1.0
5,9,4,skipgram,1.6681005372000592,0.939203354297694,0.9716981132075472
5,9,4,cbow,21.544346900318846,0.9313417190775681,0.9386792452830188
5,9,6,svd,77.42636826811278,0.9963312368972747,1.0
5,9,6,skipgram,1.6681005372000592,0.9774633123689728,0.9716981132075472
5,9,6,cbow,5.994842503189409,0.9308176100628931,0.9339622641509434
5,9,8,svd,21.544346900318846,0.989517819706499,0.9952830188679245
5,9,8,skipgram,0.464158883361278,0.990041928721174,0.9905660377358491
5,9,8,cbow,5.994842503189409,0.9308176100628931,0.9339622641509434
5,9,10,svd,21.544346900318846,0.9879454926624738,0.9952830188679245
5,9,10,skipgram,1.6681005372000592,0.9947589098532494,0.9952830188679245
5,9,10,cbow,5.994842503189409,0.9407045692361353,0.9278996865203761
5,10,2,svd,77.42636826811278,0.9989517819706499,1.0
5,10,2,skipgram,5.994842503189409,0.9009433962264151,0.8490566037735849
5,10,2,cbow,77.42636826811278,0.9031465093411996,0.933920704845815
5,10,4,svd,77.42636826811278,0.9968553459119497,1.0
5,10,4,skipgram,0.464158883361278,0.9627882599580713,0.9669811320754716
5,10,4,cbow,21.544346900318846,0.9255765199161425,0.9386792452830188
5,10,6,svd,278.2559402207126,0.9926624737945493,1.0
5,10,6,skipgram,0.464158883361278,0.9853249475890985,0.9905660377358491
5,10,6,cbow,1.6681005372000592,0.9245283018867925,0.9433962264150944
5,10,8,svd,0.464158883361278,0.9837526205450734,0.9952830188679245
5,10,8,skipgram,5.994842503189409,0.9910901467505241,0.9952830188679245
5,10,8,cbow,1.6681005372000592,0.9245283018867925,0.9433962264150944
5,10,10,svd,5.994842503189409,0.9821802935010482,0.9716981132075472
5,10,10,skipgram,21.544346900318846,0.9963312368972747,0.9952830188679245
5,10,10,cbow,1.6681005372000592,0.9245283018867925,0.9433962264150944
6,2,2,svd,5.994842503189409,0.9984276729559748,1.0
6,2,2,skipgram,1.6681005372000592,1.0,1.0
6,2,2,cbow,0.464158883361278,0.7688679245283019,0.7547169811320755
6,2,4,svd,278.2559402207126,1.0,1.0
6,2,4,skipgram,21.544346900318846,0.9989517819706499,1.0
6,2,4,cbow,21.544346900318846,0.9643605870020965,0.9481132075471698
6,2,6,svd,21.544346900318846,0.9989517819706499,1.0
6,2,6,skipgram,77.42636826811278,0.9968553459119497,0.9952830188679245
6,2,6,cbow,278.2559402207126,0.9758909853249476,0.9528301886792453
6,2,8,svd,278.2559402207126,0.9989517819706499,1.0
6,2,8,skipgram,21.544346900318846,0.9874213836477987,0.9811320754716981
6,2,8,cbow,77.42636826811278,0.9764150943396226,0.9575471698113207
6,2,10,svd,278.2559402207126,0.999475890985325,1.0
6,2,10,skipgram,77.42636826811278,0.9716981132075472,0.9764150943396226
6,2,10,cbow,77.42636826811278,0.9764150943396226,0.9575471698113207
6,3,2,svd,5.994842503189409,0.999475890985325,1.0
6,3,2,skipgram,0.1291549665014884,0.999475890985325,1.0
6,3,2,cbow,0.1291549665014884,0.8370020964360587,0.8066037735849056
6,3,4,svd,21.544346900318846,1.0,1.0
6,3,4,skipgram,0.464158883361278,0.999475890985325,1.0
6,3,4,cbow,77.42636826811278,0.9627882599580713,0.9575471698113207
6,3,6,svd,278.2559402207126,1.0,1.0
6,3,6,skipgram,0.464158883361278,1.0,1.0
6,3,6,cbow,21.544346900318846,0.9711740041928721,0.9669811320754716
6,3,8,svd,21.544346900318846,0.9989517819706499,1.0
6,3,8,skipgram,278.2559402207126,0.9989517819706499,0.9952830188679245
6,3,8,cbow,21.544346900318846,0.9716981132075472,0.9669811320754716
6,3,10,svd,21.544346900318846,0.999475890985325,1.0
6,3,10,skipgram,1.6681005372000592,0.9973794549266247,0.9905660377358491
6,3,10,cbow,21.544346900318846,0.9716981132075472,0.9669811320754716
6,4,2,svd,278.2559402207126,0.999475890985325,1.0
6,4,2,skipgram,21.544346900318846,1.0,1.0
6,4,2,cbow,21.544346900318846,0.8212788259958071,0.8301886792452831
6,4,4,svd,21.544346900318846,1.0,1.0
6,4,4,skipgram,0.464158883361278,1.0,1.0
6,4,4,cbow,77.42636826811278,0.9591194968553459,0.9433962264150944
6,4,6,svd,0.01,1.0,1.0
6,4,6,skipgram,0.464158883361278,0.9979035639412998,0.9952830188679245
6,4,6,cbow,21.544346900318846,0.9627882599580713,0.9481132075471698
6,4,8,svd,278.2559402207126,1.0,1.0
6,4,8,skipgram,5.994842503189409,0.9973794549266247,1.0
6,4,8,cbow,77.42636826811278,0.9643605870020965,0.9481132075471698
6,4,10,svd,278.2559402207126,0.9989517819706499,1.0
6,4,10,skipgram,0.01,0.9984276729559748,0.9952830188679245
6,4,10,cbow,21.544346900318846,0.9643605870020965,0.9481132075471698
6,5,2,svd,77.42636826811278,0.999475890985325,1.0
6,5,2,skipgram,1.6681005372000592,1.0,0.9952830188679245
6,5,2,cbow,77.42636826811278,0.85062893081761,0.8820754716981132
6,5,4,svd,77.42636826811278,1.0,1.0
6,5,4,skipgram,0.03593813663804628,0.9968553459119497,1.0
6,5,4,cbow,21.544346900318846,0.9638364779874213,0.9575471698113207
6,5,6,svd,5.994842503189409,0.9989517819706499,1.0
6,5,6,skipgram,0.03593813663804628,0.9968553459119497,0.9952830188679245
6,5,6,cbow,5.994842503189409,0.9680293501048218,0.9575471698113207
6,5,8,svd,1000.0,1.0,1.0
6,5,8,skipgram,1.6681005372000592,0.9947589098532494,0.9952830188679245
6,5,8,cbow,77.42636826811278,0.9690775681341719,0.9716981132075472
6,5,10,svd,278.2559402207126,0.999475890985325,1.0
6,5,10,skipgram,0.03593813663804628,0.9905660377358491,0.9764150943396226
6,5,10,cbow,77.42636826811278,0.9685534591194969,0.9764150943396226
6,6,2,svd,77.42636826811278,1.0,1.0
6,6,2,skipgram,0.1291549665014884,0.9979035639412998,1.0
6,6,2,cbow,1.6681005372000592,0.8658280922431866,0.8632075471698113
6,6,4,svd,278.2559402207126,1.0,1.0
6,6,4,skipgram,0.01,0.9942348008385744,0.9952830188679245
6,6,4,cbow,77.42636826811278,0.9617400419287212,0.9764150943396226
6,6,6,svd,278.2559402207126,0.999475890985325,1.0
6,6,6,skipgram,0.1291549665014884,0.9884696016771488,0.9811320754716981
6,6,6,cbow,1000.0,0.9638364779874213,0.9811320754716981
6,6,8,svd,21.544346900318846,0.999475890985325,1.0
6,6,8,skipgram,0.464158883361278,0.9748427672955975,0.9669811320754716
6,6,8,cbow,1000.0,0.9638364779874213,0.9811320754716981
6,6,10,svd,278.2559402207126,0.999475890985325,0.9905660377358491
6,6,10,skipgram,1.6681005372000592,0.9732704402515723,0.9622641509433962
6,6,10,cbow,1000.0,0.9638364779874213,0.9811320754716981
6,7,2,svd,0.01,0.9984276729559748,1.0
6,7,2,skipgram,278.2559402207126,0.9958071278825996,0.9952830188679245
6,7,2,cbow,77.42636826811278,0.8642557651991615,0.8490566037735849
6,7,4,svd,21.544346900318846,0.9989517819706499,1.0
6,7,4,skipgram,5.994842503189409,0.9868972746331237,0.9716981132075472
6,7,4,cbow,278.2559402207126,0.960691823899371,0.9528301886792453
6,7,6,svd,77.42636826811278,0.9989517819706499,1.0
6,7,6,skipgram,1.6681005372000592,0.9575471698113207,0.9433962264150944
6,7,6,cbow,77.42636826811278,0.9617400419287212,0.9528301886792453
6,7,8,svd,77.42636826811278,0.9958071278825996,1.0
6,7,8,skipgram,1000.0,0.9716981132075472,0.9764150943396226
6,7,8,cbow,77.42636826811278,0.9617400419287212,0.9528301886792453
6,7,10,svd,1000.0,0.9926624737945493,1.0
6,7,10,skipgram,0.464158883361278,0.9832285115303984,0.9952830188679245
6,7,10,cbow,77.42636826811278,0.9617400419287212,0.9528301886792453
6,8,2,svd,77.42636826811278,0.9984276729559748,1.0
6,8,2,skipgram,5.994842503189409,0.9947589098532494,0.9905660377358491
6,8,2,cbow,278.2559402207126,0.89937106918239,0.8726415094339622
6,8,4,svd,278.2559402207126,0.9984276729559748,1.0
6,8,4,skipgram,0.01,0.9711740041928721,0.9433962264150944
6,8,4,cbow,278.2559402207126,0.9580712788259959,0.9622641509433962
6,8,6,svd,1000.0,0.9968553459119497,1.0
6,8,6,skipgram,77.42636826811278,0.960167714884696,0.9528301886792453
6,8,6,cbow,278.2559402207126,0.9575471698113207,0.9575471698113207
6,8,8,svd,77.42636826811278,0.9947589098532494,0.9952830188679245
6,8,8,skipgram,0.464158883361278,0.9842767295597484,0.9905660377358491
6,8,8,cbow,5.994842503189409,0.9585953878406709,0.9575471698113207
6,8,10,svd,21.544346900318846,0.9905660377358491,0.9858490566037735
6,8,10,skipgram,0.464158883361278,0.9916142557651991,0.9905660377358491
6,8,10,cbow,5.994842503189409,0.9585953878406709,0.9575471698113207
6,9,2,svd,77.42636826811278,0.9989517819706499,1.0
6,9,2,skipgram,5.994842503189409,0.9837526205450734,0.9669811320754716
6,9,2,cbow,77.42636826811278,0.9245283018867925,0.8962264150943396
6,9,4,svd,21.544346900318846,0.9984276729559748,1.0
6,9,4,skipgram,0.01,0.9407756813417191,0.9245283018867925
6,9,4,cbow,77.42636826811278,0.9591194968553459,0.9575471698113207
6,9,6,svd,278.2559402207126,0.9963312368972747,1.0
6,9,6,skipgram,5.994842503189409,0.9837526205450734,0.9858490566037735
6,9,6,cbow,1000.0,0.9580712788259959,0.9575471698113207
6,9,8,svd,278.2559402207126,0.9916142557651991,0.9952830188679245
6,9,8,skipgram,21.544346900318846,0.9910901467505241,0.9905660377358491
6,9,8,cbow,1000.0,0.9580712788259959,0.9575471698113207
6,9,10,svd,77.42636826811278,0.9868972746331237,0.9952830188679245
6,9,10,skipgram,5.994842503189409,0.9942348008385744,0.9905660377358491
6,9,10,cbow,1000.0,0.9580712788259959,0.9575471698113207
6,10,2,svd,278.2559402207126,0.9984276729559748,1.0
6,10,2,skipgram,5.994842503189409,0.9580712788259959,0.9433962264150944
6,10,2,cbow,21.544346900318846,0.9171907756813418,0.9245283018867925
6,10,4,svd,21.544346900318846,0.9968553459119497,1.0
6,10,4,skipgram,0.464158883361278,0.9737945492662474,0.9858490566037735
6,10,4,cbow,21.544346900318846,0.9549266247379455,0.9764150943396226
6,10,6,svd,21.544346900318846,0.9926624737945493,1.0
6,10,6,skipgram,21.544346900318846,0.9910901467505241,0.9905660377358491
6,10,6,cbow,77.42636826811278,0.9538784067085954,0.9764150943396226
6,10,8,svd,278.2559402207126,0.9874213836477987,0.9952830188679245
6,10,8,skipgram,5.994842503189409,0.9942348008385744,0.9952830188679245
6,10,8,cbow,77.42636826811278,0.9538784067085954,0.9764150943396226
6,10,10,svd,5.994842503189409,0.9785115303983228,0.9858490566037735
6,10,10,skipgram,1.6681005372000592,0.9947589098532494,0.9952830188679245
6,10,10,cbow,77.42636826811278,0.9538784067085954,0.9764150943396226
7,2,2,svd,1000.0,0.9989517819706499,1.0
7,2,2,skipgram,0.464158883361278,1.0,1.0
7,2,2,cbow,5.994842503189409,0.7269392033542977,0.7264150943396226
7,2,4,svd,77.42636826811278,1.0,1.0
7,2,4,skipgram,21.544346900318846,0.9989517819706499,0.9858490566037735
7,2,4,cbow,21.544346900318846,0.9481132075471698,0.9386792452830188
7,2,6,svd,77.42636826811278,0.999475890985325,1.0
7,2,6,skipgram,21.544346900318846,0.9905660377358491,0.9952830188679245
7,2,6,cbow,21.544346900318846,0.9664570230607966,0.9528301886792453
7,2,8,svd,21.544346900318846,0.9989517819706499,1.0
7,2,8,skipgram,21.544346900318846,0.9848008385744235,0.9858490566037735
7,2,8,cbow,77.42636826811278,0.9675052410901468,0.9528301886792453
7,2,10,svd,21.544346900318846,0.9989517819706499,1.0
7,2,10,skipgram,21.544346900318846,0.9711740041928721,0.9622641509433962
7,2,10,cbow,77.42636826811278,0.9675052410901468,0.9528301886792453
7,3,2,svd,1.6681005372000592,0.999475890985325,1.0
7,3,2,skipgram,0.464158883361278,0.999475890985325,1.0
7,3,2,cbow,77.42636826811278,0.8385744234800838,0.8254716981132075
7,3,4,svd,21.544346900318846,1.0,1.0
7,3,4,skipgram,0.01,0.999475890985325,1.0
7,3,4,cbow,278.2559402207126,0.959643605870021,0.9433962264150944
7,3,6,svd,21.544346900318846,1.0,1.0
7,3,6,skipgram,0.01,0.999475890985325,1.0
7,3,6,cbow,278.2559402207126,0.9727463312368972,0.9669811320754716
7,3,8,svd,278.2559402207126,1.0,1.0
7,3,8,skipgram,1.6681005372000592,0.9989517819706499,0.9952830188679245
7,3,8,cbow,77.42636826811278,0.9748427672955975,0.9669811320754716
7,3,10,svd,278.2559402207126,1.0,1.0
7,3,10,skipgram,1000.0,0.9979035639412998,1.0
7,3,10,cbow,77.42636826811278,0.9753668763102725,0.9669811320754716
7,4,2,svd,0.01,0.9989517819706499,1.0
7,4,2,skipgram,0.464158883361278,1.0,1.0
7,4,2,cbow,21.544346900318846,0.8223270440251572,0.8443396226415094
7,4,4,svd,5.994842503189409,1.0,1.0
7,4,4,skipgram,0.464158883361278,0.9989517819706499,0.9952830188679245
7,4,4,cbow,1000.0,0.9633123689727463,0.9669811320754716
7,4,6,svd,0.01,0.999475890985325,1.0
7,4,6,skipgram,1.6681005372000592,0.9984276729559748,1.0
7,4,6,cbow,278.2559402207126,0.9732704402515723,0.9811320754716981
7,4,8,svd,1.6681005372000592,0.9989517819706499,1.0
7,4,8,skipgram,0.03593813663804628,0.9984276729559748,0.9905660377358491
7,4,8,cbow,77.42636826811278,0.9748427672955975,0.9811320754716981
7,4,10,svd,278.2559402207126,0.999475890985325,1.0
7,4,10,skipgram,0.1291549665014884,0.9979035639412998,0.9905660377358491
7,4,10,cbow,21.544346900318846,0.9727463312368972,0.9764150943396226
7,5,2,svd,278.2559402207126,0.9989517819706499,1.0
7,5,2,skipgram,0.01,0.999475890985325,0.9952830188679245
7,5,2,cbow,1000.0,0.8228511530398323,0.8490566037735849
7,5,4,svd,21.544346900318846,1.0,1.0
7,5,4,skipgram,0.464158883361278,0.9989517819706499,1.0
7,5,4,cbow,278.2559402207126,0.9706498951781971,0.9716981132075472
7,5,6,svd,77.42636826811278,0.999475890985325,1.0
7,5,6,skipgram,278.2559402207126,1.0,0.9905660377358491
7,5,6,cbow,21.544346900318846,0.9727463312368972,0.9669811320754716
7,5,8,svd,1000.0,1.0,1.0
7,5,8,skipgram,0.01,0.9963312368972747,1.0
7,5,8,cbow,21.544346900318846,0.9727463312368972,0.9669811320754716
7,5,10,svd,77.42636826811278,0.9989517819706499,1.0
7,5,10,skipgram,0.1291549665014884,0.9937106918238994,0.9952830188679245
7,5,10,cbow,5.994842503189409,0.9722222222222222,0.9669811320754716
7,6,2,svd,21.544346900318846,1.0,1.0
7,6,2,skipgram,0.464158883361278,1.0,1.0
7,6,2,cbow,21.544346900318846,0.84958071278826,0.839622641509434
7,6,4,svd,77.42636826811278,1.0,1.0
7,6,4,skipgram,0.01,0.9963312368972747,0.9905660377358491
7,6,4,cbow,5.994842503189409,0.9643605870020965,0.9622641509433962
7,6,6,svd,1000.0,1.0,1.0
7,6,6,skipgram,0.01,0.9926624737945493,0.9905660377358491
7,6,6,cbow,278.2559402207126,0.9680293501048218,0.9811320754716981
7,6,8,svd,77.42636826811278,1.0,1.0
7,6,8,skipgram,1000.0,0.9853249475890985,0.9858490566037735
7,6,8,cbow,278.2559402207126,0.9680293501048218,0.9811320754716981
7,6,10,svd,77.42636826811278,0.9984276729559748,0.9952830188679245
7,6,10,skipgram,77.42636826811278,0.9816561844863732,0.9716981132075472
7,6,10,cbow,1000.0,0.9680293501048218,0.9811320754716981
7,7,2,svd,77.42636826811278,0.999475890985325,1.0
7,7,2,skipgram,0.01,0.9989517819706499,0.9905660377358491
7,7,2,cbow,21.544346900318846,0.8768343815513627,0.8915094339622641
7,7,4,svd,5.994842503189409,0.9984276729559748,1.0
7,7,4,skipgram,5.994842503189409,0.9926624737945493,0.9905660377358491
7,7,4,cbow,21.544346900318846,0.9680293501048218,0.9669811320754716
7,7,6,svd,21.544346900318846,0.9989517819706499,1.0
7,7,6,skipgram,0.464158883361278,0.9827044025157232,0.9669811320754716
7,7,6,cbow,77.42636826811278,0.9685534591194969,0.9669811320754716
7,7,8,svd,21.544346900318846,0.9947589098532494,1.0
7,7,8,skipgram,77.42636826811278,0.980083857442348,0.9952830188679245
7,7,8,cbow,77.42636826811278,0.9690775681341719,0.9669811320754716
7,7,10,svd,278.2559402207126,0.9958071278825996,1.0
7,7,10,skipgram,0.464158883361278,0.9910901467505241,0.9952830188679245
7,7,10,cbow,77.42636826811278,0.9690775681341719,0.9669811320754716
7,8,2,svd,21.544346900318846,0.9984276729559748,1.0
7,8,2,skipgram,0.1291549665014884,0.9958071278825996,0.9952830188679245
7,8,2,cbow,21.544346900318846,0.9014675052410901,0.8915094339622641
7,8,4,svd,278.2559402207126,0.999475890985325,1.0
7,8,4,skipgram,21.544346900318846,0.9827044025157232,0.9716981132075472
7,8,4,cbow,1000.0,0.9696016771488469,0.9669811320754716
7,8,6,svd,278.2559402207126,0.9984276729559748,1.0
7,8,6,skipgram,21.544346900318846,0.9795597484276729,0.9669811320754716
7,8,6,cbow,1000.0,0.9696016771488469,0.9669811320754716
7,8,8,svd,77.42636826811278,0.9942348008385744,1.0
7,8,8,skipgram,0.464158883361278,0.9910901467505241,0.9858490566037735
7,8,8,cbow,278.2559402207126,0.9690775681341719,0.9669811320754716
7,8,10,svd,77.42636826811278,0.9848008385744235,1.0
7,8,10,skipgram,5.994842503189409,0.9963312368972747,0.9952830188679245
7,8,10,cbow,278.2559402207126,0.9690775681341719,0.9669811320754716
7,9,2,svd,278.2559402207126,0.9989517819706499,1.0
7,9,2,skipgram,5.994842503189409,0.9916142557651991,0.9905660377358491
7,9,2,cbow,21.544346900318846,0.9292452830188679,0.9150943396226415
7,9,4,svd,1000.0,0.999475890985325,1.0
7,9,4,skipgram,1.6681005372000592,0.9732704402515723,0.9669811320754716
7,9,4,cbow,21.544346900318846,0.9727463312368972,0.9811320754716981
7,9,6,svd,1000.0,0.9958071278825996,1.0
7,9,6,skipgram,0.464158883361278,0.989517819706499,0.9952830188679245
7,9,6,cbow,5.994842503189409,0.9711740041928721,0.9811320754716981
7,9,8,svd,77.42636826811278,0.9921383647798742,0.9905660377358491
7,9,8,skipgram,21.544346900318846,0.9963312368972747,0.9952830188679245
7,9,8,cbow,5.994842503189409,0.9711740041928721,0.9811320754716981
7,9,10,svd,278.2559402207126,0.9884696016771488,1.0
7,9,10,skipgram,5.994842503189409,0.9979035639412998,0.9952830188679245
7,9,10,cbow,5.994842503189409,0.9711740041928721,0.9811320754716981
7,10,2,svd,278.2559402207126,0.9984276729559748,1.0
7,10,2,skipgram,278.2559402207126,0.9837526205450734,0.9858490566037735
7,10,2,cbow,77.42636826811278,0.9386792452830188,0.9433962264150944
7,10,4,svd,1000.0,0.9989517819706499,1.0
7,10,4,skipgram,77.42636826811278,0.9779874213836478,0.9858490566037735
7,10,4,cbow,278.2559402207126,0.9690775681341719,0.9764150943396226
7,10,6,svd,77.42636826811278,0.9942348008385744,1.0
7,10,6,skipgram,5.994842503189409,0.9937106918238994,0.9952830188679245
7,10,6,cbow,77.42636826811278,0.9680293501048218,0.9764150943396226
7,10,8,svd,278.2559402207126,0.9889937106918238,0.9952830188679245
7,10,8,skipgram,5.994842503189409,0.9963312368972747,0.9952830188679245
7,10,8,cbow,77.42636826811278,0.9680293501048218,0.9764150943396226
7,10,10,svd,77.42636826811278,0.9811320754716981,0.9764150943396226
7,10,10,skipgram,0.464158883361278,0.9973794549266247,1.0
7,10,10,cbow,77.42636826811278,0.9680293501048218,0.9764150943396226
8,2,2,svd,1000.0,0.9989517819706499,1.0
8,2,2,skipgram,5.994842503189409,1.0,1.0
8,2,2,cbow,0.01,0.7877358490566038,0.8160377358490566
8,2,4,svd,77.42636826811278,0.999475890985325,1.0
8,2,4,skipgram,77.42636826811278,0.9984276729559748,0.9952830188679245
8,2,4,cbow,77.42636826811278,0.9381551362683438,0.9339622641509434
8,2,6,svd,77.42636826811278,0.999475890985325,1.0
8,2,6,skipgram,5.994842503189409,0.9963312368972747,1.0
8,2,6,cbow,5.994842503189409,0.9633123689727463,0.9622641509433962
8,2,8,svd,77.42636826811278,0.9984276729559748,1.0
8,2,8,skipgram,0.1291549665014884,0.9769392033542977,0.9716981132075472
8,2,8,cbow,77.42636826811278,0.9696016771488469,0.9716981132075472
8,2,10,svd,21.544346900318846,0.9973794549266247,1.0
8,2,10,skipgram,278.2559402207126,0.9512578616352201,0.9575471698113207
8,2,10,cbow,77.42636826811278,0.9696016771488469,0.9716981132075472
8,3,2,svd,5.994842503189409,0.999475890985325,1.0
8,3,2,skipgram,0.464158883361278,0.9989517819706499,1.0
8,3,2,cbow,0.464158883361278,0.8773584905660378,0.8962264150943396
8,3,4,svd,5.994842503189409,1.0,1.0
8,3,4,skipgram,5.994842503189409,0.999475890985325,1.0
8,3,4,cbow,0.1291549665014884,0.9423480083857443,0.9386792452830188
8,3,6,svd,77.42636826811278,1.0,1.0
8,3,6,skipgram,21.544346900318846,0.999475890985325,1.0
8,3,6,cbow,278.2559402207126,0.9769392033542977,0.9858490566037735
8,3,8,svd,77.42636826811278,0.999475890985325,1.0
8,3,8,skipgram,0.464158883361278,0.9984276729559748,1.0
8,3,8,cbow,278.2559402207126,0.980083857442348,0.9858490566037735
8,3,10,svd,21.544346900318846,0.999475890985325,1.0
8,3,10,skipgram,0.464158883361278,0.9973794549266247,1.0
8,3,10,cbow,278.2559402207126,0.980083857442348,0.9858490566037735
8,4,2,svd,77.42636826811278,0.999475890985325,1.0
8,4,2,skipgram,5.994842503189409,1.0,1.0
8,4,2,cbow,21.544346900318846,0.8616352201257862,0.8962264150943396
8,4,4,svd,1.6681005372000592,1.0,1.0
8,4,4,skipgram,5.994842503189409,1.0,1.0
8,4,4,cbow,278.2559402207126,0.9617400419287212,0.9575471698113207
8,4,6,svd,0.464158883361278,1.0,1.0
8,4,6,skipgram,1.6681005372000592,0.9984276729559748,1.0
8,4,6,cbow,278.2559402207126,0.9837526205450734,0.9905660377358491
8,4,8,svd,0.01,0.9989517819706499,0.9952830188679245
8,4,8,skipgram,0.464158883361278,0.9989517819706499,1.0
8,4,8,cbow,278.2559402207126,0.9832285115303984,0.9905660377358491
8,4,10,svd,21.544346900318846,0.9989517819706499,1.0
8,4,10,skipgram,1.6681005372000592,0.9979035639412998,0.9952830188679245
8,4,10,cbow,278.2559402207126,0.9832285115303984,0.9905660377358491
8,5,2,svd,278.2559402207126,1.0,1.0
8,5,2,skipgram,0.01,0.9989517819706499,0.9952830188679245
8,5,2,cbow,1.6681005372000592,0.8663522012578616,0.8584905660377359
8,5,4,svd,21.544346900318846,1.0,1.0
8,5,4,skipgram,0.1291549665014884,0.999475890985325,0.9952830188679245
8,5,4,cbow,1000.0,0.9785115303983228,0.9858490566037735
8,5,6,svd,278.2559402207126,1.0,1.0
8,5,6,skipgram,1.6681005372000592,0.9973794549266247,0.9952830188679245
8,5,6,cbow,278.2559402207126,0.9821802935010482,0.9858490566037735
8,5,8,svd,278.2559402207126,1.0,1.0
8,5,8,skipgram,0.01,0.9968553459119497,1.0
8,5,8,cbow,1000.0,0.9816561844863732,0.9858490566037735
8,5,10,svd,77.42636826811278,0.999475890985325,1.0
8,5,10,skipgram,0.01,0.9952830188679245,1.0
8,5,10,cbow,77.42636826811278,0.9811320754716981,0.9858490566037735
8,6,2,svd,77.42636826811278,1.0,1.0
8,6,2,skipgram,0.03593813663804628,0.9989517819706499,0.9952830188679245
8,6,2,cbow,5.994842503189409,0.8862683438155137,0.8867924528301887
8,6,4,svd,21.544346900318846,1.0,1.0
8,6,4,skipgram,0.03593813663804628,0.9968553459119497,0.9952830188679245
8,6,4,cbow,1000.0,0.9790356394129979,0.9764150943396226
8,6,6,svd,1000.0,1.0,1.0
8,6,6,skipgram,77.42636826811278,0.9963312368972747,0.9905660377358491
8,6,6,cbow,1000.0,0.9795597484276729,0.9811320754716981
8,6,8,svd,21.544346900318846,0.999475890985325,1.0
8,6,8,skipgram,5.994842503189409,0.9926624737945493,1.0
8,6,8,cbow,278.2559402207126,0.9795597484276729,0.9811320754716981
8,6,10,svd,21.544346900318846,0.9984276729559748,1.0
8,6,10,skipgram,21.544346900318846,0.9910901467505241,0.9858490566037735
8,6,10,cbow,77.42636826811278,0.9795597484276729,0.9811320754716981
8,7,2,svd,1000.0,0.999475890985325,1.0
8,7,2,skipgram,1.6681005372000592,0.999475890985325,1.0
8,7,2,cbow,5.994842503189409,0.9124737945492662,0.9150943396226415
8,7,4,svd,278.2559402207126,1.0,1.0
8,7,4,skipgram,21.544346900318846,0.9968553459119497,0.9952830188679245
8,7,4,cbow,21.544346900318846,0.9779874213836478,0.9811320754716981
8,7,6,svd,77.42636826811278,0.999475890985325,1.0
8,7,6,skipgram,0.01,0.9884696016771488,0.9858490566037735
8,7,6,cbow,21.544346900318846,0.9779874213836478,0.9811320754716981
8,7,8,svd,1000.0,0.9963312368972747,1.0
8,7,8,skipgram,77.42636826811278,0.9806079664570231,0.9716981132075472
8,7,8,cbow,21.544346900318846,0.9785115303983228,0.9811320754716981
8,7,10,svd,278.2559402207126,0.9947589098532494,0.9952830188679245
8,7,10,skipgram,0.464158883361278,0.990041928721174,0.9905660377358491
8,7,10,cbow,21.544346900318846,0.9785115303983228,0.9811320754716981
8,8,2,svd,1000.0,0.999475890985325,1.0
8,8,2,skipgram,0.1291549665014884,0.9984276729559748,0.9952830188679245
8,8,2,cbow,21.544346900318846,0.9124737945492662,0.9245283018867925
8,8,4,svd,1000.0,1.0,1.0
8,8,4,skipgram,0.01,0.9891456582633054,1.0
8,8,4,cbow,278.2559402207126,0.9779874213836478,0.9716981132075472
8,8,6,svd,77.42636826811278,0.9979035639412998,1.0
8,8,6,skipgram,77.42636826811278,0.974822695035461,0.9808917197452229
8,8,6,cbow,278.2559402207126,0.9774633123689728,0.9716981132075472
8,8,8,svd,77.42636826811278,0.9947589098532494,1.0
8,8,8,skipgram,0.464158883361278,0.9889937106918238,0.9858490566037735
8,8,8,cbow,5.994842503189409,0.9769392033542977,0.9764150943396226
8,8,10,svd,278.2559402207126,0.9858490566037735,1.0
8,8,10,skipgram,0.1291549665014884,0.9947589098532494,0.9905660377358491
8,8,10,cbow,5.994842503189409,0.9769392033542977,0.9764150943396226
8,9,2,svd,77.42636826811278,0.9989517819706499,1.0
8,9,2,skipgram,0.1291549665014884,0.9973794549266247,0.9905660377358491
8,9,2,cbow,21.544346900318846,0.9323899371069182,0.9575471698113207
8,9,4,svd,1000.0,0.9984276729559748,1.0
8,9,4,skipgram,1.6681005372000592,0.9769392033542977,0.9811320754716981
8,9,4,cbow,1000.0,0.9785115303983228,0.9764150943396226
8,9,6,svd,278.2559402207126,0.9963312368972747,1.0
8,9,6,skipgram,77.42636826811278,0.990041928721174,0.9952830188679245
8,9,6,cbow,77.42636826811278,0.9774633123689728,0.9764150943396226
8,9,8,svd,1000.0,0.9926624737945493,0.9952830188679245
8,9,8,skipgram,1.6681005372000592,0.9931865828092243,0.9952830188679245
8,9,8,cbow,77.42636826811278,0.9774633123689728,0.9764150943396226
8,9,10,svd,1000.0,0.9863731656184487,1.0
8,9,10,skipgram,1.6681005372000592,0.9968553459119497,0.9952830188679245
8,9,10,cbow,77.42636826811278,0.9774633123689728,0.9764150943396226
8,10,2,svd,77.42636826811278,0.999475890985325,1.0
8,10,2,skipgram,21.544346900318846,0.9963312368972747,0.9905660377358491
8,10,2,cbow,21.544346900318846,0.950733752620545,0.9575471698113207
8,10,4,svd,278.2559402207126,0.9989517819706499,1.0
8,10,4,skipgram,5.994842503189409,0.9748427672955975,0.9811320754716981
8,10,4,cbow,278.2559402207126,0.9790356394129979,0.9764150943396226
8,10,6,svd,278.2559402207126,0.9942348008385744,1.0
8,10,6,skipgram,5.994842503189409,0.9947589098532494,0.9905660377358491
8,10,6,cbow,1000.0,0.9779874213836478,0.9764150943396226
8,10,8,svd,77.42636826811278,0.9884696016771488,1.0
8,10,8,skipgram,1.6681005372000592,0.9958071278825996,1.0
8,10,8,cbow,1000.0,0.9779874213836478,0.9764150943396226
8,10,10,svd,1.6681005372000592,0.9811320754716981,0.9811320754716981
8,10,10,skipgram,1.6681005372000592,0.9979035639412998,1.0
8,10,10,cbow,1000.0,0.9779874213836478,0.9764150943396226
