emb_type,m,n,best_C,train_acc,test_acc,train_f,test_f
SVD,1,2,46.41588833612782,0.8305004721435316,0.8516949152542372,0.7687739334303259,0.8045770157106126
skipgram,1,2,3.593813663804626,0.9367720465890182,0.9552238805970148,0.9120045491631322,0.938353427106843
cbow,1,2,599.4842503189421,0.5280088740987243,0.4975124378109453,0.3976882331119851,0.3500976963367979
SVD,1,3,7742.636826811277,0.8314447592067988,0.8389830508474576,0.7711037293275051,0.7969086535367306
skipgram,1,3,46.41588833612782,0.93732667775929,0.965174129353234,0.9125596865887334,0.9484061175603463
cbow,1,3,100000.0,0.764281752634498,0.835820895522388,0.7398259914892562,0.8175157965447026
SVD,1,4,0.0215443469003188,0.8101983002832861,0.8177966101694916,0.7450843108961142,0.7597648304212481
skipgram,1,4,0.2782559402207126,0.9118136439267888,0.9402985074626866,0.8870593792931025,0.9235058250339668
cbow,1,4,46.41588833612782,0.8447032723239046,0.8855721393034826,0.8194855387550013,0.8688697507353212
SVD,1,5,46.41588833612782,0.7549575070821529,0.7754237288135594,0.6951070327607614,0.7346464112617429
skipgram,1,5,0.2782559402207126,0.8419301164725458,0.8756218905472637,0.8163807058782099,0.8587974613747107
cbow,1,5,7742.636826811277,0.7975596228508042,0.8308457711442786,0.771971027642715,0.8126484741629326
SVD,1,6,0.0016681005372,0.7110481586402266,0.711864406779661,0.6492471749402972,0.6571387039567403
skipgram,1,6,46.41588833612782,0.7814753189129229,0.8258706467661692,0.7548132577634691,0.8073544411832053
cbow,1,6,599.4842503189421,0.8302828618968386,0.8706467661691543,0.8060671044977809,0.8528528223416613
SVD,1,7,599.4842503189421,0.7247403210576016,0.7330508474576272,0.6644768414004187,0.6792989804532763
skipgram,1,7,599.4842503189421,0.8230726566833056,0.8606965174129353,0.7988090993897785,0.8425314858630475
cbow,1,7,599.4842503189421,0.8696616749861342,0.9054726368159204,0.8449471798347721,0.8883677295892383
SVD,1,8,7742.636826811277,0.771010387157696,0.8008474576271186,0.7066427525817384,0.7432928580937633
skipgram,1,8,7742.636826811277,0.8613422074320577,0.8905472636815921,0.8367592782317599,0.8731507594393975
cbow,1,8,100000.0,0.8874098724348308,0.9253731343283582,0.8626274337809097,0.9084979912745869
SVD,2,2,7742.636826811277,0.8484419263456091,0.8728813559322034,0.7887050549065782,0.8308848794452186
skipgram,2,2,7742.636826811277,0.9284525790349416,0.9402985074626866,0.9043667838879933,0.9234575139561498
cbow,2,2,46.41588833612782,0.6932889628397116,0.6915422885572139,0.6719921469247103,0.6752621645231764
SVD,2,3,0.0016681005372,0.823890462700661,0.826271186440678,0.7588941562864018,0.7681402796219637
skipgram,2,3,100000.0,0.7670549084858569,0.7512437810945274,0.7442866521944326,0.733924874623819
cbow,2,3,7742.636826811277,0.6827509706045479,0.6666666666666666,0.6556550264233917,0.6375429734902293
SVD,2,4,0.0016681005372,0.7370160528800755,0.7457627118644068,0.6727583355780262,0.68929913923152
skipgram,2,4,599.4842503189421,0.7864669994453688,0.8258706467661692,0.7601045003988769,0.8060695881004316
cbow,2,4,46.41588833612782,0.7104825291181365,0.7711442786069652,0.6742018144003699,0.7475427202191786
SVD,2,5,0.0016681005372,0.6841359773371105,0.6864406779661016,0.6237434432184371,0.6329782720350148
skipgram,2,5,599.4842503189421,0.8574597892401553,0.8805970149253731,0.833187873279763,0.8631017323574276
cbow,2,5,599.4842503189421,0.8080976150859678,0.8507462686567164,0.7832057681267001,0.832419047198807
SVD,2,6,100000.0,0.7606232294617564,0.7838983050847458,0.697609385509764,0.7271590477953572
skipgram,2,6,100000.0,0.8851913477537438,0.9104477611940298,0.8604181921908003,0.8934156947875957
cbow,2,6,100000.0,0.8713255684969495,0.9054726368159204,0.8464205235311206,0.8883677295892383
SVD,2,7,100000.0,0.6949952785646837,0.7161016949152542,0.6340740560483358,0.6592948945766589
skipgram,2,7,100000.0,0.7992235163616195,0.8407960199004975,0.7722430187785366,0.8216425277883904
cbow,2,7,100000.0,0.7958957293399889,0.8407960199004975,0.7690013716227337,0.8219528648286147
SVD,2,8,0.0215443469003188,0.6718602455146364,0.6822033898305084,0.6117685607971898,0.6290296036021343
skipgram,2,8,3.593813663804626,0.7215751525235718,0.7711442786069652,0.6879431778296458,0.7475427202191786
cbow,2,8,3.593813663804626,0.7215751525235718,0.7711442786069652,0.6879431778296458,0.7475427202191786
SVD,3,2,0.0016681005372,0.8465533522190746,0.864406779661017,0.7813946299468522,0.8047708725674827
skipgram,3,2,7742.636826811277,0.9107043815862452,0.9104477611940298,0.8862091144971098,0.8941305760144391
cbow,3,2,7742.636826811277,0.9284525790349416,0.945273631840796,0.9037190188222126,0.9284329526078527
SVD,3,3,0.0016681005372,0.777148253068933,0.8008474576271186,0.712306397747538,0.7431969888058971
skipgram,3,3,0.2782559402207126,0.5435385468663338,0.5373134328358209,0.426273578439782,0.4023599583301076
cbow,3,3,7742.636826811277,0.8935108153078203,0.8905472636815921,0.8697064619548898,0.8745462295697511
SVD,3,4,0.0215443469003188,0.6874409820585458,0.690677966101695,0.6265936772637314,0.6375296563758887
skipgram,3,4,7742.636826811277,0.8408208541320022,0.8756218905472637,0.81677462972763,0.85821064859501
cbow,3,4,7742.636826811277,0.8435940099833611,0.8706467661691543,0.8194222593943531,0.853091371337147
SVD,3,5,100000.0,0.7379603399433428,0.7542372881355932,0.6769039060226346,0.698546403147446
skipgram,3,5,100000.0,0.8646699944536883,0.9054726368159204,0.839663922032218,0.8884528684927376
cbow,3,5,100000.0,0.8618968386023295,0.900497512437811,0.8368580447600074,0.8834102216191768
SVD,3,6,0.0215443469003188,0.6742209631728046,0.6822033898305084,0.6141279963942573,0.6290296036021343
skipgram,3,6,3.593813663804626,0.7215751525235718,0.7711442786069652,0.6879431778296458,0.7475427202191786
cbow,3,6,3.593813663804626,0.7215751525235718,0.7711442786069652,0.6879431778296458,0.7475427202191786
SVD,3,7,0.0215443469003188,0.6718602455146364,0.6822033898305084,0.6117685607971898,0.6290296036021343
skipgram,3,7,3.593813663804626,0.7215751525235718,0.7711442786069652,0.6879431778296458,0.7475427202191786
cbow,3,7,3.593813663804626,0.7215751525235718,0.7711442786069652,0.6879431778296458,0.7475427202191786
SVD,3,8,0.0215443469003188,0.6713881019830028,0.6822033898305084,0.6112702606161562,0.6290296036021343
skipgram,3,8,46.41588833612782,0.7215751525235718,0.7711442786069652,0.6879431778296458,0.7475427202191786
cbow,3,8,3.593813663804626,0.7215751525235718,0.7711442786069652,0.6879431778296458,0.7475427202191786
SVD,4,2,0.0016681005372,0.8418319169027384,0.864406779661017,0.7768776035906733,0.8050613748382348
skipgram,4,2,46.41588833612782,0.9023849140321686,0.9353233830845772,0.8776752865868991,0.9184827038516339
cbow,4,2,46.41588833612782,0.8164170826400444,0.7960199004975125,0.7904269348392334,0.7764117472300448
SVD,4,3,0.0016681005372,0.7752596789423984,0.7966101694915254,0.7105500145638997,0.7390598508205986
skipgram,4,3,599.4842503189421,0.7798114254021076,0.8258706467661692,0.7531301513777814,0.8060695881004316
cbow,4,3,599.4842503189421,0.8058790904048807,0.8507462686567164,0.7812381452248375,0.8321305199955428
SVD,4,4,0.0215443469003188,0.704438149197356,0.7076271186440678,0.6428688829422249,0.6532061763823859
skipgram,4,4,100000.0,0.8613422074320577,0.8905472636815921,0.8365959695662731,0.8732852427960701
cbow,4,4,100000.0,0.8674431503050472,0.900497512437811,0.8424978232379043,0.8834102216191768
SVD,4,5,0.0215443469003188,0.6784702549575071,0.6822033898305084,0.6182090521751882,0.6283948300383696
skipgram,4,5,100000.0,0.7371048252911814,0.7611940298507462,0.704888322645397,0.7340379031289064
cbow,4,5,100000.0,0.7376594564614531,0.7611940298507462,0.7055323803880881,0.7340379031289064
SVD,4,6,0.0215443469003188,0.6732766761095373,0.6822033898305084,0.6131347547813597,0.6290296036021343
skipgram,4,6,3.593813663804626,0.7215751525235718,0.7711442786069652,0.6879431778296458,0.7475427202191786
cbow,4,6,3.593813663804626,0.7215751525235718,0.7711442786069652,0.6879431778296458,0.7475427202191786
SVD,4,7,0.0215443469003188,0.6718602455146364,0.6822033898305084,0.6117051531274303,0.6290296036021343
skipgram,4,7,3.593813663804626,0.7215751525235718,0.7711442786069652,0.6879431778296458,0.7475427202191786
cbow,4,7,3.593813663804626,0.7215751525235718,0.7711442786069652,0.6879431778296458,0.7475427202191786
SVD,4,8,0.0215443469003188,0.67233238904627,0.6822033898305084,0.6122030754775195,0.6290296036021343
skipgram,4,8,46.41588833612782,0.7215751525235718,0.7711442786069652,0.6879431778296458,0.7475427202191786
cbow,4,8,46.41588833612782,0.7215751525235718,0.7711442786069652,0.6879431778296458,0.7475427202191786
SVD,5,2,0.0016681005372,0.833805476864967,0.8432203389830508,0.7686332271045375,0.7843628206290221
skipgram,5,2,599.4842503189421,0.8596783139212424,0.8955223880597015,0.8354053864012227,0.8791365776958046
cbow,5,2,7742.636826811277,0.8985024958402662,0.9253731343283582,0.8743398850234826,0.9090317920567358
SVD,5,3,0.0215443469003188,0.7478753541076487,0.7584745762711864,0.6834638758576389,0.7019988596337954
skipgram,5,3,599.4842503189421,0.8225180255130339,0.8557213930348259,0.7982455840604754,0.8376182329459422
cbow,5,3,599.4842503189421,0.78369384359401,0.8159203980099502,0.7576224046593351,0.7957458176342833
SVD,5,4,0.0215443469003188,0.6949952785646837,0.6949152542372882,0.6340740560483358,0.6403262537111911
skipgram,5,4,100000.0,0.819744869661675,0.8557213930348259,0.7945723784089418,0.8376182329459422
cbow,5,4,100000.0,0.8130892956184138,0.845771144278607,0.7880614776120122,0.8271975746400219
SVD,5,5,0.0215443469003188,0.676109537299339,0.6822033898305084,0.6157395151122611,0.6283948300383696
skipgram,5,5,3.593813663804626,0.7232390460343872,0.7711442786069652,0.689926994271751,0.7475427202191786
cbow,5,5,3.593813663804626,0.7243483083749307,0.7761194029850746,0.6912462914410314,0.7532146165723109
SVD,5,6,0.0215443469003188,0.6732766761095373,0.6822033898305084,0.6131978022080883,0.6290296036021343
skipgram,5,6,3.593813663804626,0.7215751525235718,0.7711442786069652,0.6879431778296458,0.7475427202191786
cbow,5,6,3.593813663804626,0.7215751525235718,0.7711442786069652,0.6879431778296458,0.7475427202191786
SVD,5,7,0.0215443469003188,0.6728045325779037,0.6822033898305084,0.612700624806879,0.6290296036021343
skipgram,5,7,46.41588833612782,0.7215751525235718,0.7711442786069652,0.6879431778296458,0.7475427202191786
cbow,5,7,46.41588833612782,0.7215751525235718,0.7711442786069652,0.6879431778296458,0.7475427202191786
SVD,5,8,0.0215443469003188,0.6732766761095373,0.6822033898305084,0.6130720747397304,0.6290296036021343
skipgram,5,8,46.41588833612782,0.7215751525235718,0.7711442786069652,0.6879431778296458,0.7475427202191786
cbow,5,8,46.41588833612782,0.7215751525235718,0.7711442786069652,0.6879431778296458,0.7475427202191786
SVD,6,2,0.0016681005372,0.8319169027384324,0.8389830508474576,0.7666868389766551,0.7802738889342095
skipgram,6,2,3.593813663804626,0.85579589572934,0.8955223880597015,0.830920836688212,0.8789872172138472
cbow,6,2,7742.636826811277,0.8663338879645036,0.900497512437811,0.8421873778671749,0.8841249103729805
SVD,6,3,0.0215443469003188,0.7459867799811143,0.7542372881355932,0.6815899673020688,0.6977821341257857
skipgram,6,3,7742.636826811277,0.8452579034941764,0.8756218905472637,0.8212547907609944,0.8579858875556857
cbow,6,3,7742.636826811277,0.8191902384914033,0.8507462686567164,0.7950154233446824,0.832419047198807
SVD,6,4,0.0215443469003188,0.6883852691218131,0.6949152542372882,0.6274581809481626,0.6414447134786118
skipgram,6,4,3.593813663804626,0.7304492512479202,0.7761194029850746,0.6984568024186918,0.7526435052552608
cbow,6,4,0.2782559402207126,0.7315585135884637,0.7761194029850746,0.6996839968168264,0.7526435052552608
SVD,6,5,0.0215443469003188,0.6751652502360718,0.6822033898305084,0.6148100333476686,0.6290296036021343
skipgram,6,5,3.593813663804626,0.7215751525235718,0.7711442786069652,0.6879431778296458,0.7475427202191786
cbow,6,5,46.41588833612782,0.7232390460343872,0.7711442786069652,0.689926994271751,0.7475427202191786
SVD,6,6,0.0215443469003188,0.6728045325779037,0.6822033898305084,0.612700624806879,0.6290296036021343
skipgram,6,6,46.41588833612782,0.7215751525235718,0.7711442786069652,0.6879431778296458,0.7475427202191786
cbow,6,6,3.593813663804626,0.7215751525235718,0.7711442786069652,0.6879431778296458,0.7475427202191786
SVD,6,7,0.0215443469003188,0.6732766761095373,0.6822033898305084,0.6131347547813597,0.6290296036021343
skipgram,6,7,46.41588833612782,0.7215751525235718,0.7711442786069652,0.6879431778296458,0.7475427202191786
cbow,6,7,46.41588833612782,0.7215751525235718,0.7711442786069652,0.6879431778296458,0.7475427202191786
SVD,6,8,0.0215443469003188,0.6742209631728046,0.6822033898305084,0.6140030004942033,0.6290296036021343
skipgram,6,8,46.41588833612782,0.7215751525235718,0.7711442786069652,0.6879431778296458,0.7475427202191786
cbow,6,8,46.41588833612782,0.7215751525235718,0.7711442786069652,0.6879431778296458,0.7475427202191786
SVD,7,2,0.0016681005372,0.8314447592067988,0.8347457627118644,0.7662256873486925,0.7761813399641451
skipgram,7,2,599.4842503189421,0.8369384359400999,0.8756218905472637,0.8115397394860308,0.8587974613747107
cbow,7,2,46.41588833612782,0.8596783139212424,0.900497512437811,0.8349532130660818,0.8839943571328881
SVD,7,3,0.0215443469003188,0.7360717658168083,0.7372881355932204,0.6722663861744079,0.6812725745455116
skipgram,7,3,100000.0,0.8574597892401553,0.8805970149253731,0.833187873279763,0.8633121971840146
cbow,7,3,100000.0,0.8191902384914033,0.8557213930348259,0.7948854954887777,0.8376182329459422
SVD,7,4,0.0215443469003188,0.6874409820585458,0.690677966101695,0.6269276353015871,0.6375296563758887
skipgram,7,4,3.593813663804626,0.7282307265668331,0.7761194029850746,0.695843643170049,0.7532146165723109
cbow,7,4,3.593813663804626,0.7315585135884637,0.7761194029850746,0.6997596456724062,0.7526435052552608
SVD,7,5,0.0215443469003188,0.6746931067044382,0.6822033898305084,0.614437121964835,0.6290296036021343
skipgram,7,5,46.41588833612782,0.7215751525235718,0.7711442786069652,0.6879431778296458,0.7475427202191786
cbow,7,5,46.41588833612782,0.7232390460343872,0.7711442786069652,0.689926994271751,0.7475427202191786
SVD,7,6,0.0215443469003188,0.6732766761095373,0.6822033898305084,0.6131978022080883,0.6290296036021343
skipgram,7,6,46.41588833612782,0.7215751525235718,0.7711442786069652,0.6879431778296458,0.7475427202191786
cbow,7,6,46.41588833612782,0.7215751525235718,0.7711442786069652,0.6879431778296458,0.7475427202191786
SVD,7,7,0.0215443469003188,0.6732766761095373,0.6822033898305084,0.6130720747397304,0.6290296036021343
skipgram,7,7,46.41588833612782,0.7215751525235718,0.7711442786069652,0.6879431778296458,0.7475427202191786
cbow,7,7,46.41588833612782,0.7215751525235718,0.7711442786069652,0.6879431778296458,0.7475427202191786
SVD,7,8,0.2782559402207126,0.6694995278564684,0.6779661016949152,0.6094656443774124,0.6244119096315197
skipgram,7,8,46.41588833612782,0.7215751525235718,0.7711442786069652,0.6879431778296458,0.7475427202191786
cbow,7,8,46.41588833612782,0.7215751525235718,0.7711442786069652,0.6879431778296458,0.7475427202191786
SVD,8,2,0.0016681005372,0.8314447592067988,0.8347457627118644,0.7662256873486925,0.7761813399641451
skipgram,8,2,46.41588833612782,0.812534664448142,0.8507462686567164,0.7879977080245526,0.833556113893557
cbow,8,2,599.4842503189421,0.8463671658347199,0.8706467661691543,0.8220870085941203,0.8540813717971408
SVD,8,3,0.0215443469003188,0.7294617563739377,0.7245762711864406,0.666998532184922,0.6697886226378336
skipgram,8,3,100000.0,0.8519134775374376,0.8805970149253731,0.8272784259640724,0.8633121971840146
cbow,8,3,100000.0,0.8408208541320022,0.8706467661691543,0.8167272097654804,0.853091371337147
SVD,8,4,0.0215443469003188,0.6860245514636449,0.690677966101695,0.6255805851290706,0.6375296563758887
skipgram,8,4,46.41588833612782,0.7276760953965613,0.7761194029850746,0.6951887844193178,0.7532146165723109
cbow,8,4,46.41588833612782,0.7293399889073766,0.7761194029850746,0.6971514737792508,0.7526435052552608
SVD,8,5,0.0215443469003188,0.6746931067044382,0.6822033898305084,0.6146240645615582,0.6290296036021343
skipgram,8,5,46.41588833612782,0.7215751525235718,0.7711442786069652,0.6879431778296458,0.7475427202191786
cbow,8,5,46.41588833612782,0.7221297836938436,0.7711442786069652,0.6886051022655243,0.7475427202191786
SVD,8,6,0.0215443469003188,0.6732766761095373,0.6822033898305084,0.6131347547813597,0.6290296036021343
skipgram,8,6,46.41588833612782,0.7215751525235718,0.7711442786069652,0.6879431778296458,0.7475427202191786
cbow,8,6,46.41588833612782,0.7215751525235718,0.7711442786069652,0.6879431778296458,0.7475427202191786
SVD,8,7,0.0215443469003188,0.6746931067044382,0.6822033898305084,0.6144990690433187,0.6290296036021343
skipgram,8,7,46.41588833612782,0.7215751525235718,0.7711442786069652,0.6879431778296458,0.7475427202191786
cbow,8,7,46.41588833612782,0.7215751525235718,0.7711442786069652,0.6879431778296458,0.7475427202191786
SVD,8,8,0.2782559402207126,0.6694995278564684,0.6779661016949152,0.6094656443774124,0.6244119096315197
skipgram,8,8,46.41588833612782,0.7215751525235718,0.7711442786069652,0.6879431778296458,0.7475427202191786
cbow,8,8,46.41588833612782,0.7215751525235718,0.7711442786069652,0.6879431778296458,0.7475427202191786
SVD,9,2,0.0016681005372,0.8305004721435316,0.8347457627118644,0.7653525906901122,0.7761813399641451
skipgram,9,2,3.593813663804626,0.807542983915696,0.835820895522388,0.7827456280087324,0.8179146461783907
cbow,9,2,599.4842503189421,0.8097615085967831,0.845771144278607,0.7851443800993892,0.828367471154864
SVD,9,3,0.0215443469003188,0.7209631728045326,0.7245762711864406,0.6589971050197906,0.6702280679816494
skipgram,9,3,100000.0,0.8036605657237936,0.845771144278607,0.778283199140591,0.8271975746400219
cbow,9,3,100000.0,0.8025513033832501,0.835820895522388,0.7771644468039068,0.8166839529590989
SVD,9,4,0.0215443469003188,0.6846081208687441,0.6864406779661016,0.6243495407197024,0.6329782720350148
skipgram,9,4,46.41588833612782,0.7282307265668331,0.7761194029850746,0.695843643170049,0.7532146165723109
cbow,9,4,46.41588833612782,0.7282307265668331,0.7761194029850746,0.695843643170049,0.7532146165723109
SVD,9,5,0.0215443469003188,0.6742209631728046,0.6822033898305084,0.6141279963942573,0.6290296036021343
skipgram,9,5,46.41588833612782,0.7215751525235718,0.7711442786069652,0.6879431778296458,0.7475427202191786
cbow,9,5,46.41588833612782,0.7215751525235718,0.7711442786069652,0.6879431778296458,0.7475427202191786
SVD,9,6,0.0215443469003188,0.6732766761095373,0.6822033898305084,0.6131347547813597,0.6290296036021343
skipgram,9,6,46.41588833612782,0.7215751525235718,0.7711442786069652,0.6879431778296458,0.7475427202191786
cbow,9,6,46.41588833612782,0.7215751525235718,0.7711442786069652,0.6879431778296458,0.7475427202191786
SVD,9,7,0.2782559402207126,0.6694995278564684,0.6779661016949152,0.6094656443774124,0.6244119096315197
skipgram,9,7,46.41588833612782,0.7215751525235718,0.7711442786069652,0.6879431778296458,0.7475427202191786
cbow,9,7,46.41588833612782,0.7215751525235718,0.7711442786069652,0.6879431778296458,0.7475427202191786
SVD,9,8,0.2782559402207126,0.6694995278564684,0.6779661016949152,0.6094656443774124,0.6244119096315197
skipgram,9,8,46.41588833612782,0.7215751525235718,0.7711442786069652,0.6879431778296458,0.7475427202191786
cbow,9,8,46.41588833612782,0.7215751525235718,0.7711442786069652,0.6879431778296458,0.7475427202191786
SVD,10,2,0.0016681005372,0.832389046270066,0.8389830508474576,0.7672484336455059,0.7802738889342095
skipgram,10,2,0.2782559402207126,0.778702163061564,0.8258706467661692,0.7520521338734396,0.8073544411832053
cbow,10,2,46.41588833612782,0.8031059345535219,0.835820895522388,0.7781770097446441,0.8179146461783907
SVD,10,3,0.0215443469003188,0.7176581680830972,0.7203389830508474,0.6558002365431672,0.6658890973510024
skipgram,10,3,100000.0,0.754853022739878,0.7910447761194029,0.725288769924522,0.7680074826215468
cbow,10,3,0.2782559402207126,0.7376594564614531,0.7960199004975125,0.7065073831120948,0.7749456797644432
SVD,10,4,0.0215443469003188,0.6836638338054769,0.6864406779661016,0.6234310251989573,0.6329782720350148
skipgram,10,4,46.41588833612782,0.7276760953965613,0.7761194029850746,0.6951887844193178,0.7532146165723109
cbow,10,4,3.593813663804626,0.7282307265668331,0.7761194029850746,0.695843643170049,0.7532146165723109
SVD,10,5,0.0215443469003188,0.6746931067044382,0.6822033898305084,0.6146240645615582,0.6290296036021343
skipgram,10,5,46.41588833612782,0.7215751525235718,0.7711442786069652,0.6879431778296458,0.7475427202191786
cbow,10,5,46.41588833612782,0.7215751525235718,0.7711442786069652,0.6879431778296458,0.7475427202191786
SVD,10,6,0.0215443469003188,0.6742209631728046,0.6822033898305084,0.6141279963942573,0.6290296036021343
skipgram,10,6,46.41588833612782,0.7215751525235718,0.7711442786069652,0.6879431778296458,0.7475427202191786
cbow,10,6,46.41588833612782,0.7215751525235718,0.7711442786069652,0.6879431778296458,0.7475427202191786
SVD,10,7,0.2782559402207126,0.6694995278564684,0.6779661016949152,0.6094656443774124,0.6244119096315197
skipgram,10,7,46.41588833612782,0.7215751525235718,0.7711442786069652,0.6879431778296458,0.7475427202191786
cbow,10,7,46.41588833612782,0.7215751525235718,0.7711442786069652,0.6879431778296458,0.7475427202191786
SVD,10,8,0.2782559402207126,0.669971671388102,0.6779661016949152,0.6099654736214091,0.6244119096315197
skipgram,10,8,46.41588833612782,0.7215751525235718,0.7711442786069652,0.6879431778296458,0.7475427202191786
cbow,10,8,46.41588833612782,0.7215751525235718,0.7711442786069652,0.6879431778296458,0.7475427202191786
SVD,11,2,0.0016681005372,0.8342776203966006,0.8389830508474576,0.7691465177889413,0.7802738889342095
skipgram,11,2,0.0215443469003188,0.762063227953411,0.8109452736318408,0.7339417175831711,0.7912947013433884
cbow,11,2,0.2782559402207126,0.7703826955074875,0.8159203980099502,0.7431871295401159,0.7966786212280731
SVD,11,3,0.0215443469003188,0.7176581680830972,0.7203389830508474,0.6558424155222513,0.6658890973510024
skipgram,11,3,3.593813663804626,0.7354409317803661,0.7960199004975125,0.7041491089439695,0.7749456797644432
cbow,11,3,3.593813663804626,0.7365501941209096,0.7960199004975125,0.7052918303208315,0.7749456797644432
SVD,11,4,0.0215443469003188,0.6831916902738433,0.6864406779661016,0.6229416416567115,0.6329782720350148
skipgram,11,4,46.41588833612782,0.726012201885746,0.7761194029850746,0.6932204092486102,0.7532146165723109
cbow,11,4,46.41588833612782,0.7276760953965613,0.7761194029850746,0.6951887844193178,0.7532146165723109
SVD,11,5,0.0215443469003188,0.6746931067044382,0.6822033898305084,0.6146240645615582,0.6290296036021343
skipgram,11,5,46.41588833612782,0.7215751525235718,0.7711442786069652,0.6879431778296458,0.7475427202191786
cbow,11,5,46.41588833612782,0.7215751525235718,0.7711442786069652,0.6879431778296458,0.7475427202191786
SVD,11,6,0.0215443469003188,0.6746931067044382,0.6822033898305084,0.6144990690433187,0.6290296036021343
skipgram,11,6,46.41588833612782,0.7215751525235718,0.7711442786069652,0.6879431778296458,0.7475427202191786
cbow,11,6,46.41588833612782,0.7215751525235718,0.7711442786069652,0.6879431778296458,0.7475427202191786
SVD,11,7,0.2782559402207126,0.6694995278564684,0.6779661016949152,0.6094656443774124,0.6244119096315197
skipgram,11,7,46.41588833612782,0.7215751525235718,0.7711442786069652,0.6879431778296458,0.7475427202191786
cbow,11,7,46.41588833612782,0.7215751525235718,0.7711442786069652,0.6879431778296458,0.7475427202191786
SVD,11,8,0.2782559402207126,0.669971671388102,0.6779661016949152,0.6099009813820252,0.6244119096315197
skipgram,11,8,599.4842503189421,0.7215751525235718,0.7711442786069652,0.6879431778296458,0.7475427202191786
cbow,11,8,599.4842503189421,0.7215751525235718,0.7711442786069652,0.6879431778296458,0.7475427202191786
SVD,12,2,0.0016681005372,0.8305004721435316,0.8389830508474576,0.7654021811888664,0.7802738889342095
skipgram,12,2,46.41588833612782,0.7498613422074321,0.8009950248756219,0.7204635518476021,0.7804293590132065
cbow,12,2,0.2782559402207126,0.7554076539101497,0.8059701492537313,0.7265353527870272,0.785878653085019
SVD,12,3,0.0215443469003188,0.7152974504249292,0.7203389830508474,0.6534927743965224,0.6658890973510024
skipgram,12,3,46.41588833612782,0.7337770382695508,0.7910447761194029,0.7022069495138518,0.7694264531546448
cbow,12,3,3.593813663804626,0.7365501941209096,0.7960199004975125,0.7052918303208315,0.7749456797644432
SVD,12,4,0.0215443469003188,0.6827195467422096,0.6864406779661016,0.6224519154056939,0.6329782720350148
skipgram,12,4,46.41588833612782,0.726012201885746,0.7761194029850746,0.6932204092486102,0.7532146165723109
cbow,12,4,46.41588833612782,0.7282307265668331,0.7761194029850746,0.695843643170049,0.7532146165723109
SVD,12,5,0.0215443469003188,0.6746931067044382,0.6822033898305084,0.6146240645615582,0.6290296036021343
skipgram,12,5,46.41588833612782,0.7215751525235718,0.7711442786069652,0.6879431778296458,0.7475427202191786
cbow,12,5,46.41588833612782,0.7215751525235718,0.7711442786069652,0.6879431778296458,0.7475427202191786
SVD,12,6,0.2782559402207126,0.6694995278564684,0.6779661016949152,0.6095304984505224,0.6244119096315197
skipgram,12,6,46.41588833612782,0.7215751525235718,0.7711442786069652,0.6879431778296458,0.7475427202191786
cbow,12,6,46.41588833612782,0.7215751525235718,0.7711442786069652,0.6879431778296458,0.7475427202191786
SVD,12,7,0.2782559402207126,0.6694995278564684,0.6779661016949152,0.6094656443774124,0.6244119096315197
skipgram,12,7,46.41588833612782,0.7215751525235718,0.7711442786069652,0.6879431778296458,0.7475427202191786
cbow,12,7,46.41588833612782,0.7215751525235718,0.7711442786069652,0.6879431778296458,0.7475427202191786
SVD,12,8,0.2782559402207126,0.669971671388102,0.6779661016949152,0.6099009813820252,0.6244119096315197
skipgram,12,8,599.4842503189421,0.7215751525235718,0.7711442786069652,0.6879431778296458,0.7475427202191786
cbow,12,8,599.4842503189421,0.7215751525235718,0.7711442786069652,0.6879431778296458,0.7475427202191786
SVD,13,2,599.4842503189421,0.8078375826251181,0.8220338983050848,0.7422624691463626,0.7637645136146586
skipgram,13,2,0.2782559402207126,0.7603993344425957,0.8109452736318408,0.732079257429441,0.7912947013433884
cbow,13,2,0.2782559402207126,0.757071547420965,0.8109452736318408,0.7284116210346626,0.7912947013433884
SVD,13,3,0.0215443469003188,0.7138810198300283,0.7161016949152542,0.6521228884993197,0.6615262072027369
skipgram,13,3,3.593813663804626,0.7343316694398225,0.7910447761194029,0.7028549401299273,0.7694264531546448
cbow,13,3,3.593813663804626,0.7359955629506378,0.7960199004975125,0.704646293159892,0.7749456797644432
SVD,13,4,0.0215443469003188,0.682247403210576,0.6864406779661016,0.6219618454134274,0.6329782720350148
skipgram,13,4,46.41588833612782,0.726012201885746,0.7761194029850746,0.6932204092486102,0.7532146165723109
cbow,13,4,46.41588833612782,0.7276760953965613,0.7761194029850746,0.6951887844193178,0.7532146165723109
SVD,13,5,0.0215443469003188,0.6746931067044382,0.6822033898305084,0.6144990690433187,0.6290296036021343
skipgram,13,5,46.41588833612782,0.7215751525235718,0.7711442786069652,0.6879431778296458,0.7475427202191786
cbow,13,5,46.41588833612782,0.7215751525235718,0.7711442786069652,0.6879431778296458,0.7475427202191786
SVD,13,6,0.2782559402207126,0.6694995278564684,0.6779661016949152,0.6094656443774124,0.6244119096315197
skipgram,13,6,46.41588833612782,0.7215751525235718,0.7711442786069652,0.6879431778296458,0.7475427202191786
cbow,13,6,46.41588833612782,0.7215751525235718,0.7711442786069652,0.6879431778296458,0.7475427202191786
SVD,13,7,0.2782559402207126,0.669971671388102,0.6779661016949152,0.6099654736214091,0.6244119096315197
skipgram,13,7,46.41588833612782,0.7215751525235718,0.7711442786069652,0.6879431778296458,0.7475427202191786
cbow,13,7,46.41588833612782,0.7215751525235718,0.7711442786069652,0.6879431778296458,0.7475427202191786
SVD,13,8,0.2782559402207126,0.669971671388102,0.6779661016949152,0.6099009813820252,0.6244119096315197
skipgram,13,8,599.4842503189421,0.7215751525235718,0.7711442786069652,0.6879431778296458,0.7475427202191786
cbow,13,8,599.4842503189421,0.7215751525235718,0.7711442786069652,0.6879431778296458,0.7475427202191786
SVD,14,2,599.4842503189421,0.8016997167138811,0.8220338983050848,0.7362629267425223,0.7637645136146586
skipgram,14,2,0.0215443469003188,0.7470881863560732,0.8009950248756219,0.7172261733650549,0.7804293590132065
cbow,14,2,0.0215443469003188,0.7576261785912368,0.8109452736318408,0.7290360025758834,0.7912947013433884
SVD,14,3,0.0215443469003188,0.7082152974504249,0.7076271186440678,0.6466262971033101,0.6532061763823859
skipgram,14,3,3.593813663804626,0.7337770382695508,0.7910447761194029,0.7022069495138518,0.7694264531546448
cbow,14,3,3.593813663804626,0.7365501941209096,0.7960199004975125,0.7052918303208315,0.7749456797644432
SVD,14,4,0.0215443469003188,0.6817752596789424,0.6822033898305084,0.621471430645382,0.6283948300383696
skipgram,14,4,46.41588833612782,0.726012201885746,0.7761194029850746,0.6932204092486102,0.7532146165723109
cbow,14,4,46.41588833612782,0.7276760953965613,0.7761194029850746,0.6951887844193178,0.7532146165723109
SVD,14,5,0.0215443469003188,0.6746931067044382,0.6822033898305084,0.614437121964835,0.6290296036021343
skipgram,14,5,599.4842503189421,0.7215751525235718,0.7711442786069652,0.6879431778296458,0.7475427202191786
cbow,14,5,46.41588833612782,0.7215751525235718,0.7711442786069652,0.6879431778296458,0.7475427202191786
SVD,14,6,0.2782559402207126,0.6694995278564684,0.6779661016949152,0.6094656443774124,0.6244119096315197
skipgram,14,6,46.41588833612782,0.7215751525235718,0.7711442786069652,0.6879431778296458,0.7475427202191786
cbow,14,6,46.41588833612782,0.7215751525235718,0.7711442786069652,0.6879431778296458,0.7475427202191786
SVD,14,7,0.2782559402207126,0.669971671388102,0.6779661016949152,0.6099654736214091,0.6244119096315197
skipgram,14,7,46.41588833612782,0.7215751525235718,0.7711442786069652,0.6879431778296458,0.7475427202191786
cbow,14,7,46.41588833612782,0.7215751525235718,0.7711442786069652,0.6879431778296458,0.7475427202191786
SVD,14,8,0.2782559402207126,0.669971671388102,0.6779661016949152,0.6099009813820252,0.6244119096315197
skipgram,14,8,599.4842503189421,0.7215751525235718,0.7711442786069652,0.6879431778296458,0.7475427202191786
cbow,14,8,599.4842503189421,0.7215751525235718,0.7711442786069652,0.6879431778296458,0.7475427202191786
SVD,15,2,3.593813663804626,0.9458128078817734,0.9338235294117648,0.9436459463283499,0.9273312139054534
skipgram,15,2,0.0215443469003188,0.7587354409317804,0.8109452736318408,0.7302122276987549,0.7912947013433884
cbow,15,2,0.0215443469003188,0.7659456461453134,0.8109452736318408,0.7382699542374703,0.7912947013433884
SVD,15,3,599.4842503189421,0.7931034482758621,0.8014705882352942,0.7382838367243776,0.7480724845611627
skipgram,15,3,3.593813663804626,0.7337770382695508,0.7910447761194029,0.7022069495138518,0.7694264531546448
cbow,15,3,46.41588833612782,0.7348863006100943,0.7910447761194029,0.7035023259336042,0.7694264531546448
SVD,15,4,46.41588833612782,0.7380952380952381,0.75,0.6268754076973255,0.6428571428571429
skipgram,15,4,46.41588833612782,0.726012201885746,0.7761194029850746,0.6932204092486102,0.7532146165723109
cbow,15,4,46.41588833612782,0.726012201885746,0.7761194029850746,0.6932204092486102,0.7532146165723109
SVD,15,5,46.41588833612782,0.7553366174055829,0.75,0.6655090662219088,0.6428571428571429
skipgram,15,5,599.4842503189421,0.7215751525235718,0.7711442786069652,0.6879431778296458,0.7475427202191786
cbow,15,5,46.41588833612782,0.7215751525235718,0.7711442786069652,0.6879431778296458,0.7475427202191786
SVD,15,6,7742.636826811277,0.7610837438423645,0.7647058823529411,0.6775448096944118,0.6760361771827376
skipgram,15,6,46.41588833612782,0.7215751525235718,0.7711442786069652,0.6879431778296458,0.7475427202191786
cbow,15,6,46.41588833612782,0.7215751525235718,0.7711442786069652,0.6879431778296458,0.7475427202191786
SVD,15,7,7742.636826811277,0.7610837438423645,0.7647058823529411,0.6775448096944118,0.6760361771827376
skipgram,15,7,599.4842503189421,0.7215751525235718,0.7711442786069652,0.6879431778296458,0.7475427202191786
cbow,15,7,599.4842503189421,0.7215751525235718,0.7711442786069652,0.6879431778296458,0.7475427202191786
SVD,15,8,7742.636826811277,0.7610837438423645,0.7647058823529411,0.6775448096944118,0.6760361771827376
skipgram,15,8,599.4842503189421,0.7215751525235718,0.7711442786069652,0.6879431778296458,0.7475427202191786
cbow,15,8,599.4842503189421,0.7215751525235718,0.7711442786069652,0.6879431778296458,0.7475427202191786
SVD,16,2,7742.636826811277,0.7828139754485364,0.8050847457627118,0.7177527712171571,0.7472923582001069
skipgram,16,2,0.0215443469003188,0.7681641708264004,0.8159203980099502,0.7406624427548355,0.7966786212280731
cbow,16,2,0.0215443469003188,0.7731558513588463,0.8208955223880597,0.7459697128372109,0.8020315091210612
SVD,16,3,0.0215443469003188,0.704438149197356,0.7076271186440678,0.6429613819262124,0.6532061763823859
skipgram,16,3,3.593813663804626,0.7337770382695508,0.7910447761194029,0.7022069495138518,0.7694264531546448
cbow,16,3,46.41588833612782,0.7343316694398225,0.7910447761194029,0.7028549401299273,0.7694264531546448
SVD,16,4,0.0215443469003188,0.6813031161473088,0.6822033898305084,0.6209806700649676,0.6283948300383696
skipgram,16,4,46.41588833612782,0.726012201885746,0.7761194029850746,0.6932204092486102,0.7532146165723109
cbow,16,4,46.41588833612782,0.726012201885746,0.7761194029850746,0.6932204092486102,0.7532146165723109
SVD,16,5,0.0215443469003188,0.6756373937677054,0.6822033898305084,0.6153053764240336,0.6290296036021343
skipgram,16,5,599.4842503189421,0.7215751525235718,0.7711442786069652,0.6879431778296458,0.7475427202191786
cbow,16,5,599.4842503189421,0.7215751525235718,0.7711442786069652,0.6879431778296458,0.7475427202191786
SVD,16,6,0.2782559402207126,0.669971671388102,0.6779661016949152,0.6099654736214091,0.6244119096315197
skipgram,16,6,46.41588833612782,0.7215751525235718,0.7711442786069652,0.6879431778296458,0.7475427202191786
cbow,16,6,46.41588833612782,0.7215751525235718,0.7711442786069652,0.6879431778296458,0.7475427202191786
SVD,16,7,0.2782559402207126,0.669971671388102,0.6779661016949152,0.6099009813820252,0.6244119096315197
skipgram,16,7,599.4842503189421,0.7215751525235718,0.7711442786069652,0.6879431778296458,0.7475427202191786
cbow,16,7,599.4842503189421,0.7215751525235718,0.7711442786069652,0.6879431778296458,0.7475427202191786
SVD,16,8,0.2782559402207126,0.669971671388102,0.6779661016949152,0.6099009813820252,0.6244119096315197
skipgram,16,8,599.4842503189421,0.7215751525235718,0.7711442786069652,0.6879431778296458,0.7475427202191786
cbow,16,8,599.4842503189421,0.7215751525235718,0.7711442786069652,0.6879431778296458,0.7475427202191786
